f1,precision,recall,abs_spd,di,base_treino,serie_treino,vies_treino,volume
0.9767441860465116,0.9547247792598159,0.9998032657879206,0.3363631964042003,0.5932097050507878,pd_v0,PD,0.0,1000
0.968675274988044,0.9392534198933457,1.0,0.6695882331201574,0.30788258532728646,pd_v0,PD,0.0,1000
0.9702158666545223,0.9434898139946856,0.9985001874765654,0.6889207469803629,0.266080352193585,pd_v0,PD,0.0,1000
0.9663217309501411,0.935689560940062,0.9990274265707061,0.8613081739168177,0.11962641077512777,pd_v0,PD,0.0,1000
0.9715921603171108,0.9455636519502786,0.9990942028985508,0.0557476109244055,0.9300513703630469,pd_v0,PD,0.0,1000
0.9629278467810752,0.9285061254342659,1.0,0.09776374117511977,1.1502608859891417,pd_v0,PD,0.0,1000
0.9810587663914522,0.9657678332377128,0.9968416896960126,0.046664647863313036,1.0669944656959283,pd_v0,PD,0.0,1000
0.9713840329584679,0.9462039045553146,0.9979409746053535,0.20039682539682546,0.7921810699588476,pd_v0,PD,0.0,1000
0.9345794392523364,0.8786848072562359,0.9980682549903412,0.8236,0.0,pd_v0,PD,0.0,1000
0.9851701075894155,0.9709591134887275,0.9998032657879206,0.34226436561815543,0.5890953280676161,pd_v0,PD,0.0,2500
0.9748526049813501,0.9509389671361502,1.0,0.6747456107326184,0.305466567290807,pd_v0,PD,0.0,2500
0.9756410256410256,0.9536340852130326,0.9986876640419947,0.6946405374927169,0.26373955824808454,pd_v0,PD,0.0,2500
0.9721040189125295,0.9458962090541038,0.9998054853141413,0.871952217845728,0.1140659496541212,pd_v0,PD,0.0,2500
0.9754750331418471,0.9523295944779983,0.9997735507246377,0.0562099543146497,0.9296258766000337,pd_v0,PD,0.0,2500
0.971401243424199,0.9443927840803422,1.0,0.09705846548702646,1.1480058784286806,pd_v0,PD,0.0,2500
0.9844176081028437,0.9715494040753556,0.9976312672720095,0.047608100480443394,1.0682998395541994,pd_v0,PD,0.0,2500
0.9769420192522946,0.9563883410037256,0.9983985358041638,0.2090020576131687,0.7856389152685449,pd_v0,PD,0.0,2500
0.9534347625633933,0.9120846809761834,0.9987121699935608,0.82995,0.0,pd_v0,PD,0.0,2500
0.9904520654715511,0.9810847326770894,1.0,0.3459273692811591,0.5865160589732267,pd_v0,PD,0.0,5000
0.9848061261699282,0.9700670498084292,1.0,0.6752413447286718,0.3080442891218384,pd_v0,PD,0.0,5000
0.9853090640303058,0.971397340134815,0.9996250468691413,0.7004031553419116,0.26286487965952354,pd_v0,PD,0.0,5000
0.9815681405787413,0.9641651031894934,0.9996109706282824,0.8696672779290864,0.12043528472278364,pd_v0,PD,0.0,5000
0.9811111111111112,0.9631326352530541,0.9997735507246377,0.05625908018893233,0.9297952450578701,pd_v0,PD,0.0,5000
0.9804981656690481,0.9617424242424243,1.0,0.09552231786007515,1.1443333500841446,pd_v0,PD,0.0,5000
0.9899227081498875,0.9813773035887488,0.9986182392420055,0.04465580223359533,1.063607444408338,pd_v0,PD,0.0,5000
0.9838909541511772,0.9691522414558367,0.9990848776023793,0.21158142269253377,0.7841792409693644,pd_v0,PD,0.0,5000
0.9642635177128651,0.9318318318318318,0.9990341274951706,0.8335,0.0,pd_v0,PD,0.0,5000
0.9923857868020305,0.9848866498740554,1.0,0.34730963481436805,0.5855486098037863,pd_v0,PD,0.0,7500
0.9867251248325417,0.973798076923077,1.0,0.6745807687347429,0.3091596905712489,pd_v0,PD,0.0,7500
0.9866765358993338,0.9740591888929485,0.9996250468691413,0.7008186906760481,0.2631125507681457,pd_v0,PD,0.0,7500
0.9860884582174039,0.9729269216205982,0.9996109706282824,0.8682417223373613,0.12363343548632642,pd_v0,PD,0.0,7500
0.9816564758198999,0.964184319720463,0.9997735507246377,0.05680630575531076,0.9291607457777706,pd_v0,PD,0.0,7500
0.981730304494925,0.9641161951775205,1.0,0.09607110257945539,1.1451134842207595,pd_v0,PD,0.0,7500
0.9911851126346719,0.9836702954898912,0.9988156336360048,0.04582310893435637,1.0653167370035044,pd_v0,PD,0.0,7500
0.9857787810383747,0.9728224548897304,0.9990848776023793,0.21254409171075828,0.783591470258137,pd_v0,PD,0.0,7500
0.9672693266832918,0.9374622356495468,0.9990341274951706,0.8345,0.0,pd_v0,PD,0.0,7500
0.9945216200352182,0.9891029383148473,1.0,0.3488301269008979,0.5844880953215533,pd_v0,PD,0.0,10000
0.9921626255204506,0.9844471445929526,1.0,0.6784325977240304,0.3075574855989404,pd_v0,PD,0.0,10000
0.990709773318469,0.98195211786372,0.9996250468691413,0.7045163469374162,0.2618524647573273,pd_v0,PD,0.0,10000
0.9881742140178829,0.9769961977186312,0.9996109706282824,0.8729333723962572,0.12109530055870642,pd_v0,PD,0.0,10000
0.9835152595232791,0.9677772906619904,0.9997735507246377,0.056047363387829896,0.930145306332751,pd_v0,PD,0.0,10000
0.9871695178849145,0.9746641074856046,1.0,0.09426520256444604,1.1414769650849663,pd_v0,PD,0.0,10000
0.9920580449063634,0.9855834794467173,0.9986182392420055,0.044765225937000275,1.063672475923212,pd_v0,PD,0.0,10000
0.9889039855072463,0.9789284913696481,0.9990848776023793,0.21477807172251617,0.7821092026003459,pd_v0,PD,0.0,10000
0.9734901960784313,0.9492199449372897,0.9990341274951706,0.83655,0.0,pd_v0,PD,0.0,10000
0.9886783458467405,0.9789945716308709,0.9985556090515166,0.19529268044447168,1.2723728761705806,pd_v0.25,PD,0.25,1000
0.975439441367686,0.9520564042303172,1.0,0.668043021848775,0.31124356815066345,pd_v0.25,PD,0.25,1000
0.9777654765199741,0.9625794732061762,0.9934383202099738,0.6907334495868309,0.27004475372692244,pd_v0.25,PD,0.25,1000
0.974500475737393,0.9538089029614454,0.9961097062828244,0.8562975099797331,0.1287814072570832,pd_v0.25,PD,0.25,1000
0.977797513321492,0.9590592334494773,0.9972826086956522,0.051958007130122885,0.9349403438196611,pd_v0.25,PD,0.25,1000
0.9741966426858513,0.9496914157471479,1.0,0.09639618879070466,1.146545822224181,pd_v0.25,PD,0.25,1000
0.9885440125330461,0.9807654944627938,0.9964469009080142,0.04343128034272148,1.0617311507789429,pd_v0.25,PD,0.25,1000
0.9789627629654629,0.963036741921204,0.9954243880118966,0.19750146972369198,0.795562249454219,pd_v0.25,PD,0.25,1000
0.9407452657299938,0.894828588030215,0.9916291049581455,0.8279,0.0,pd_v0.25,PD,0.25,1000
0.9931842640200885,0.9866951770016631,0.9997592681752527,0.19762434618642588,1.2754133440112045,pd_v0.25,PD,0.25,2500
0.9797992016450949,0.9606261859582542,0.9997531473710195,0.6709786061637644,0.3101747469813456,pd_v0.25,PD,0.25,2500
0.9827411167512691,0.9678240319941829,0.9981252343457068,0.6972247518504691,0.2649572841902325,pd_v0.25,PD,0.25,2500
0.9839961667465261,0.9697771061579146,0.9986383971989885,0.8661868196390056,0.12464456004154281,pd_v0.25,PD,0.25,2500
0.9854910714285714,0.9716109154929577,0.9997735507246377,0.05640536970791998,0.9297948694971714,pd_v0.25,PD,0.25,2500
0.9813508551550875,0.963384557010055,1.0,0.09783094871453757,1.1481222225877852,pd_v0.25,PD,0.25,2500
0.9897149573905377,0.9823060470542485,0.9972364784840111,0.04309716810954922,1.061212691831273,pd_v0.25,PD,0.25,2500
0.9844349199187908,0.9708565072302558,0.9983985358041638,0.20917842445620216,0.786241026103151,pd_v0.25,PD,0.25,2500
0.968125,0.9404978749241044,0.9974243399871217,0.8353,0.0,pd_v0.25,PD,0.25,2500
0.996641074856046,0.9933046389287422,1.0,0.20003466538126669,1.2785891922069694,pd_v0.25,PD,0.25,5000
0.9916768665850674,0.9834911386258801,1.0,0.6781573241709369,0.30764392064021046,pd_v0.25,PD,0.25,5000
0.9921845924823223,0.9848540820096048,0.9996250468691413,0.7059235439772715,0.2613464827113978,pd_v0.25,PD,0.25,5000
0.9922765012550685,0.9850488786659,0.9996109706282824,0.8742886388379504,0.12198305140154667,pd_v0.25,PD,0.25,5000
0.9879167599015439,0.9763379035824856,0.9997735507246377,0.05599215219195852,0.930385046322231,pd_v0.25,PD,0.25,5000
0.9888034271249148,0.9778548045445793,1.0,0.09161315616980203,1.1368988567781524,pd_v0.25,PD,0.25,5000
0.993031700853862,0.9875073199297286,0.9986182392420055,0.04476439149086353,1.0636259713930636,pd_v0.25,PD,0.25,5000
0.9899150141643059,0.9806915132465199,0.9993136582017845,0.22176660787771907,0.776637948900139,pd_v0.25,PD,0.25,5000
0.9754562617998741,0.9538461538461539,0.9980682549903412,0.8375,0.0,pd_v0.25,PD,0.25,5000
0.9980778471888515,0.9961630695443645,1.0,0.19995443583668082,1.2782336321798797,pd_v0.25,PD,0.25,7500
0.9960658962380132,0.9921626255204506,1.0,0.6803831189764484,0.3070754764615382,pd_v0.25,PD,0.25,7500
0.9953340798805524,0.9908955778520996,0.9998125234345707,0.7080493956640466,0.26088673918619004,pd_v0.25,PD,0.25,7500
0.99486980931178,0.9901734104046243,0.9996109706282824,0.8752349502249133,0.12246719316837977,pd_v0.25,PD,0.25,7500
0.9901323166629289,0.9806752554420257,0.9997735507246377,0.05636754802374089,0.9300230589275923,pd_v0.25,PD,0.25,7500
0.9939322763750245,0.9879377431906615,1.0,0.09127890529408655,1.1358089073772824,pd_v0.25,PD,0.25,7500
0.994987714987715,0.9908005480524564,0.9992104224240032,0.04554203966061299,1.0647312834179674,pd_v0.25,PD,0.25,7500
0.993745024451268,0.9880144730891,0.9995424388011896,0.22195767195767202,0.7768468648181395,pd_v0.25,PD,0.25,7500
0.981335020563113,0.9645522388059702,0.9987121699935608,0.8392,0.0,pd_v0.25,PD,0.25,7500
0.9979579579579579,0.9959242387916567,1.0,0.19981718631705414,1.2780426515087038,pd_v0.25,PD,0.25,10000
0.9956986604399656,0.991434165442976,1.0,0.6796733294669706,0.30755569301798014,pd_v0.25,PD,0.25,10000
0.9954261178008028,0.9912623164156906,0.9996250468691413,0.707352154685547,0.26155783206102334,pd_v0.25,PD,0.25,10000
0.9952551563861721,0.9909371384496722,0.9996109706282824,0.8745535192198025,0.12315041321394954,pd_v0.25,PD,0.25,10000
0.9906877594524851,0.9817656215254614,0.9997735507246377,0.05590727001582407,0.930594466557801,pd_v0.25,PD,0.25,10000
0.9934461508363495,0.986977648202138,1.0,0.0909569892497909,1.135329946043312,pd_v0.25,PD,0.25,10000
0.9949847575966172,0.9913776210072507,0.9986182392420055,0.04476272259858993,1.0635331606463285,pd_v0.25,PD,0.25,10000
0.9932916429789653,0.9873417721518988,0.9993136582017845,0.22206055261610824,0.7767434300448463,pd_v0.25,PD,0.25,10000
0.9789922603064287,0.9609302325581396,0.9977462974887314,0.83875,0.0,pd_v0.25,PD,0.25,10000
0.9873839562009046,0.9764595103578154,0.9985556090515166,0.19896460706889652,1.278226574381209,pd_v0.5,PD,0.5,1000
0.9867909867909868,0.9744868597736428,0.9994097973637616,0.3434658320192002,0.5883360567026336,pd_v0.5,PD,0.5,1000
0.9845441925034706,0.9722171449460794,0.9971878515185602,0.6987443649116776,0.2648953893688979,pd_v0.5,PD,0.5,1000
0.9878916009994234,0.976258309591643,0.9998054853141413,0.8699270945985863,0.1231224249765998,pd_v0.5,PD,0.5,1000
0.9736232203950999,0.9496232508073197,0.9988677536231884,0.055627949724886494,0.9302876729342631,pd_v0.5,PD,0.5,1000
0.9718444742386516,0.9459358687546607,0.9992122883024813,0.0996246291769255,1.15223079451522,pd_v0.5,PD,0.5,1000
0.9839196959360687,0.9717035611164582,0.9964469009080142,0.04521543744267176,1.0646350956141843,pd_v0.5,PD,0.5,1000
0.9751566696508505,0.9544359255202629,0.9967970716083276,0.2146164021164021,0.7810834513931053,pd_v0.5,PD,0.5,1000
0.948291782086796,0.9083136792452831,0.9919510624597553,0.8304,0.0,pd_v0.5,PD,0.5,1000
0.9917454240937911,0.985731272294887,0.997833413577275,0.20292320966022437,1.2834815611053831,pd_v0.5,PD,0.5,2500
0.9918905715681485,0.985248447204969,0.9986228605154437,0.3469320046690136,0.5861698948428724,pd_v0.5,PD,0.5,2500
0.9932810750279956,0.9888517279821628,0.9977502812148481,0.7064427967471972,0.2621669867306718,pd_v0.5,PD,0.5,2500
0.9895000481649167,0.9801526717557252,0.9990274265707061,0.8729020256055056,0.12200273193295898,pd_v0.5,PD,0.5,2500
0.9780633724795037,0.9574837310195228,0.9995471014492754,0.05683901939636815,0.9289842581396669,pd_v0.5,PD,0.5,2500
0.97967873040449,0.963089802130898,0.9968491532099252,0.09389734791902171,1.1413522070425166,pd_v0.5,PD,0.5,2500
0.9867944830284652,0.9780880356796587,0.9956573233320174,0.04454470963791679,1.0634492048123536,pd_v0.5,PD,0.5,2500
0.9814000676361176,0.9673333333333334,0.9958819492107069,0.22045855379188717,0.7771538084414137,pd_v0.5,PD,0.5,2500
0.9596887159533074,0.9288942452545947,0.9925949774629749,0.83405,0.0,pd_v0.5,PD,0.5,2500
0.9941197647905916,0.9911462072266093,0.9971112181030333,0.2039008615003589,1.2844722432915137,pd_v0.5,PD,0.5,5000
0.9944155971392182,0.9904371584699454,0.9984261263033641,0.3491170888243307,0.5845566939551574,pd_v0.5,PD,0.5,5000
0.996161408107855,0.9949504394987844,0.9973753280839895,0.7078714074554728,0.26237605908191036,pd_v0.5,PD,0.5,5000
0.9936157864190366,0.9882624591110256,0.9990274265707061,0.8725693879297977,0.1241453824360275,pd_v0.5,PD,0.5,5000
0.9827451853501058,0.9664987957083424,0.9995471014492754,0.05771664568490098,0.9281236211499332,pd_v0.5,PD,0.5,5000
0.9872282343765233,0.9776018536396988,0.9970460811343048,0.08905615714436887,1.1325459394140707,pd_v0.5,PD,0.5,5000
0.9896017265057877,0.983619344773791,0.9956573233320174,0.04504295742619646,1.0640675113818479,pd_v0.5,PD,0.5,5000
0.9850678733031675,0.9742671738643992,0.9961107298101121,0.21886390358612584,0.7787657292270208,pd_v0.5,PD,0.5,5000
0.9673571876961707,0.9436619718309859,0.9922730199613651,0.8367,0.0,pd_v0.5,PD,0.5,5000
0.9944738106679482,0.9925659472422063,0.9963890226287915,0.20362478636940629,1.2838690278399816,pd_v0.5,PD,0.5,7500
0.9955869373345102,0.9925694172858819,0.9986228605154437,0.34980822159093516,0.5840763285233593,pd_v0.5,PD,0.5,7500
0.9965346070993725,0.9956953022646453,0.9973753280839895,0.7079363140517135,0.2624781257030458,pd_v0.5,PD,0.5,7500
0.994290138391561,0.989406779661017,0.9992219412565648,0.871958728333038,0.1248205120510139,pd_v0.5,PD,0.5,7500
0.9839500668747213,0.9688323090430202,0.9995471014492754,0.05751003692692025,0.9284199417788761,pd_v0.5,PD,0.5,7500
0.9900195694716243,0.9838584208479191,0.9962583694367861,0.08884456291006104,1.1318357711996523,pd_v0.5,PD,0.5,7500
0.9921352732992529,0.9882491186839013,0.9960521121200158,0.0468212734031892,1.0666443927200062,pd_v0.5,PD,0.5,7500
0.9878588448882333,0.979963980189104,0.9958819492107069,0.21747501469723696,0.7801696602338399,pd_v0.5,PD,0.5,7500
0.9725465446513095,0.9535891089108911,0.9922730199613651,0.8384,0.0,pd_v0.5,PD,0.5,7500
0.9960293586812657,0.995669954293962,0.9963890226287915,0.2034659033719337,1.2833678930299885,pd_v0.5,PD,0.5,10000
0.9969557104978887,0.9952941176470588,0.9986228605154437,0.35077580746418136,0.5834051417385504,pd_v0.5,PD,0.5,10000
0.9972818445964945,0.9971883786316776,0.9973753280839895,0.7082956413751733,0.2624996487030115,pd_v0.5,PD,0.5,10000
0.995253317833963,0.9913160941721343,0.9992219412565648,0.8724253132569195,0.12491164362033985,pd_v0.5,PD,0.5,10000
0.9858179787828029,0.9724608944701476,0.9995471014492754,0.056751094559439386,0.9294030291368826,pd_v0.5,PD,0.5,10000
0.9938107869142352,0.9915702803371887,0.9960614415124065,0.08917869850697813,1.1319809290921425,pd_v0.5,PD,0.5,10000
0.9939919235693884,0.9919402398270101,0.9960521121200158,0.0467640582130765,1.0664682023142447,pd_v0.5,PD,0.5,10000
0.9906690942193901,0.9855105275073579,0.9958819492107069,0.2161890064667843,0.781469596351265,pd_v0.5,PD,0.5,10000
0.9793519695044473,0.9664576802507837,0.9925949774629749,0.8405,0.0,pd_v0.5,PD,0.5,10000
0.9950809838032394,0.9918679741688591,0.9983148772267694,0.1986605940933005,1.2764635281635532,pd_v0.75,PD,0.75,1000
0.9894839337877313,0.979564295353769,0.999606531575841,0.3450128648035472,0.5873364354102236,pd_v0.75,PD,0.75,1000
0.989980449657869,0.9801596902976046,1.0,0.6756838637011364,0.30919846454364214,pd_v0.75,PD,0.75,1000
0.9901677270098322,0.9814637875023887,0.9990274265707061,0.8680925839521311,0.12590691860303488,pd_v0.75,PD,0.75,1000
0.981640146878825,0.964996718442354,0.9988677536231884,0.056271361657503016,0.92983741382852,pd_v0.75,PD,0.75,1000
0.9853497622974677,0.9711225855804169,1.0,0.09131273962139208,1.1367701376561783,pd_v0.75,PD,0.75,1000
0.9913606911447084,0.9861328125,0.9966442953020134,0.04381843553532272,1.062192903883468,pd_v0.75,PD,0.75,1000
0.985753052917232,0.9745137491616365,0.997254632807138,0.20988389182833622,0.7859107842916789,pd_v0.75,PD,0.75,1000
0.9651071819746518,0.9388127853881278,0.9929169349645847,0.83575,0.0,pd_v0.75,PD,0.75,1000
0.9977160716432264,0.9963985594237695,0.999037072701011,0.20128839235235396,1.2801818064777566,pd_v0.75,PD,0.75,2500
0.9953962190224311,0.9912212251268046,0.999606531575841,0.3492287746798344,0.5843896084189403,pd_v0.75,PD,0.75,2500
0.9981520266108168,0.9963108706345303,1.0,0.6802946957154508,0.30774774345649764,pd_v0.75,PD,0.75,2500
0.9941961694718514,0.9888397152203194,0.9996109706282824,0.8713637421316541,0.12504479275722907,pd_v0.75,PD,0.75,2500
0.9857110962268364,0.9720387494495817,0.9997735507246377,0.05601975778989421,0.9302653233070486,pd_v0.75,PD,0.75,2500
0.9934448684081792,0.9871670231382461,0.9998030720756204,0.08964477068856713,1.133155862844587,pd_v0.75,PD,0.75,2500
0.9950806768988587,0.9919576304433111,0.9982234504540071,0.047265643785903255,1.0672768999575544,pd_v0.75,PD,0.75,2500
0.9928319490271931,0.9875509280217293,0.9981697552047586,0.2162404467960024,0.7814175989065679,pd_v0.75,PD,0.75,2500
0.9775387535590003,0.960820895522388,0.9948486799742434,0.8392,0.0,pd_v0.75,PD,0.75,2500
0.9986767713220257,0.9980764606876653,0.9992778045257583,0.20103237460754775,1.2796723504497607,pd_v0.75,PD,0.75,5000
0.9969598901637736,0.9939382088384826,1.0,0.35055795881740903,0.5832876186223225,pd_v0.75,PD,0.75,5000
0.9991367616228881,0.9982750123213405,1.0,0.6805935756493086,0.30778293219289543,pd_v0.75,PD,0.75,5000
0.9961232797053693,0.9926598416071084,0.9996109706282824,0.8727791702986746,0.124867323565124,pd_v0.75,PD,0.75,5000
0.9883590776807701,0.9772023019034971,0.9997735507246377,0.056832934074779407,0.9293973462078505,pd_v0.75,PD,0.75,5000
0.9967593047235589,0.9941234084231146,0.999409216226861,0.0903621506504837,1.1339542432336964,pd_v0.75,PD,0.75,5000
0.9964525029562475,0.9948839039748131,0.9980260560600079,0.04759808712680191,1.0677018376012988,pd_v0.75,PD,0.75,5000
0.9947596263385737,0.9906966190152031,0.9988560970029742,0.21567460317460319,0.7819895707982351,pd_v0.75,PD,0.75,5000
0.9826681507393862,0.9707822808671065,0.9948486799742434,0.84085,0.0,pd_v0.75,PD,0.75,5000
0.9984369363953348,0.9973576747537833,0.9995185363505056,0.2017787943641206,1.2808951704309022,pd_v0.75,PD,0.75,7500
0.9968608985677849,0.9941303071805909,0.999606531575841,0.3505153862385657,0.5834066762374069,pd_v0.75,PD,0.75,7500
0.9996298581122763,0.9992599901332018,1.0,0.680868849202402,0.3076967848463996,pd_v0.75,PD,0.75,7500
0.9967028704422033,0.993811641848772,0.9996109706282824,0.8732037987487807,0.12481418099586662,pd_v0.75,PD,0.75,7500
0.9881378692927484,0.9767699115044248,0.9997735507246377,0.056412543133368964,0.9298909947484233,pd_v0.75,PD,0.75,7500
0.9949039592316739,0.9902458056964495,0.9996061441512406,0.09045108824338399,1.1343088940749217,pd_v0.75,PD,0.75,7500
0.9956709956709957,0.9925460965084347,0.9988156336360048,0.047821941210432484,1.06811727289389,pd_v0.75,PD,0.75,7500
0.9944223107569721,0.9895786135024921,0.9993136582017845,0.22154614932392713,0.777260603911312,pd_v0.75,PD,0.75,7500
0.9828571428571429,0.9693174702567313,0.9967804249839022,0.8403,0.0,pd_v0.75,PD,0.75,7500
0.9987966305655837,0.9985563041385948,0.999037072701011,0.20187592911145436,1.2809073615763413,pd_v0.75,PD,0.75,10000
0.9973495631687445,0.9952978056426333,0.9994097973637616,0.35099917917518886,0.5830714125699198,pd_v0.75,PD,0.75,10000
0.9998765889176848,0.9997532082922014,1.0,0.6810064859789486,0.30765372925487283,pd_v0.75,PD,0.75,10000
0.9966062251527199,0.9936194895591647,0.9996109706282824,0.8731330273404297,0.12482303494926066,pd_v0.75,PD,0.75,10000
0.9892424921559838,0.979148181011535,0.9995471014492754,0.05712138234810016,0.9290968522599387,pd_v0.75,PD,0.75,10000
0.9973464373464374,0.9954875416911909,0.9992122883024813,0.0905890193255684,1.1342460160353698,pd_v0.75,PD,0.75,10000
0.996945511873091,0.9952783789100925,0.9986182392420055,0.0475425408289627,1.0676228305095716,pd_v0.75,PD,0.75,10000
0.9956680346557227,0.992274483072029,0.9990848776023793,0.22455173427395647,0.7750465631602583,pd_v0.75,PD,0.75,10000
0.9856733524355301,0.9748110831234257,0.9967804249839022,0.8412,0.0,pd_v0.75,PD,0.75,10000
0.980466437788564,0.964593524341952,0.996870486278286,0.19948137083360695,1.2799035590749894,pd_v1,PD,1.0,1000
0.9827552799844991,0.9681236877266653,0.9978359236671257,0.3421687116436778,0.5890737808123859,pd_v1,PD,1.0,1000
0.9793203531261337,0.9599336178283546,0.999506294742039,0.6705893022148888,0.310428621436236,pd_v1,PD,1.0,1000
0.9774187626216266,0.9575539568345324,0.9981252343457068,0.6958657298267062,0.26376202745692456,pd_v1,PD,1.0,1000
0.9651251776538756,0.932995138448531,0.9995471014492754,0.05608920501127035,0.9293511075009682,pd_v1,PD,1.0,1000
0.9644389360282201,0.9347625207909813,0.9960614415124065,0.09948058831843043,1.152532350242535,pd_v1,PD,1.0,1000
0.9805213683496463,0.9630687226346849,0.9986182392420055,0.050894510960463935,1.0735961899985855,pd_v1,PD,1.0,1000
0.9723892228902249,0.9470830622424636,0.9990848776023793,0.21698265726043497,0.7786697849438186,pd_v1,PD,1.0,1000
0.9430919050517347,0.8941142527409117,0.9977462974887314,0.8267,0.0,pd_v1,PD,1.0,1000
0.9809795530194959,0.9689995302959136,0.9932595089070775,0.20385329807551433,1.2859749345395664,pd_v1,PD,1.0,2500
0.9818004866180049,0.9714946070878274,0.9923273657289002,0.3451671232378942,0.5870495199165626,pd_v1,PD,1.0,2500
0.9850419554906968,0.9707574304889741,0.9997531473710195,0.6760199526264231,0.3075394098678588,pd_v1,PD,1.0,2500
0.9828909645796726,0.9698850155137799,0.9962504686914135,0.7015982354219165,0.2622928855009552,pd_v1,PD,1.0,2500
0.965230701946206,0.9331923890063425,0.9995471014492754,0.055191146550250814,0.930443930202808,pd_v1,PD,1.0,2500
0.9640356766088041,0.9396148812862217,0.9897597479322567,0.0951146343898327,1.1444010147651282,pd_v1,PD,1.0,2500
0.9802740258478282,0.9653588516746412,0.9956573233320174,0.05133721245090428,1.0741290045296137,pd_v1,PD,1.0,2500
0.9716391246092005,0.9489640130861505,0.9954243880118966,0.22666813639035865,0.7712898083268453,pd_v1,PD,1.0,2500
0.9429878048780488,0.8954834973943254,0.9958145524790728,0.8273,0.0,pd_v1,PD,1.0,2500
0.9820574162679426,0.9759866856871137,0.9882041405873857,0.20861534039845586,1.2923005772345126,pd_v1,PD,1.0,5000
0.9814742589703588,0.972936400541272,0.9901632893960259,0.34673018790326726,0.5858643644731406,pd_v1,PD,1.0,5000
0.9902152641878669,0.9813333333333333,0.9992594421130585,0.6825260901155465,0.30381955528085025,pd_v1,PD,1.0,5000
0.9891750653228817,0.9847640282422891,0.9936257967754031,0.7075903674020896,0.26125238365290177,pd_v1,PD,1.0,5000
0.9681808207153829,0.9391230310770541,0.9990942028985508,0.05607388088190535,0.9295161577083547,pd_v1,PD,1.0,5000
0.9640966406776398,0.9429485972509886,0.9862150452934226,0.0923736504022884,1.139387190137597,pd_v1,PD,1.0,5000
0.9800370045768819,0.9671343455698636,0.9932885906040269,0.050334041305250654,1.0724708583176537,pd_v1,PD,1.0,5000
0.9707066189624329,0.9492674393177345,0.9931365820178449,0.2278880070546737,0.7704725108801848,pd_v1,PD,1.0,5000
0.9444869246062089,0.899504806291873,0.9942047649710238,0.82835,0.0,pd_v1,PD,1.0,5000
0.9826118239597074,0.9789725209080048,0.9862782859894078,0.20955445355799673,1.2933254786454222,pd_v1,PD,1.0,7500
0.9806413766132186,0.9747327502429544,0.9866220735785953,0.3471658851968121,0.5860956498918364,pd_v1,PD,1.0,7500
0.9922727830246535,0.9861043393466602,0.998518884226117,0.6843605802181625,0.3031223832410569,pd_v1,PD,1.0,7500
0.9905439565583747,0.9893398167196559,0.9917510311211098,0.709937034634279,0.26073391948023944,pd_v1,PD,1.0,7500
0.968018463567425,0.9404228058936579,0.9972826086956522,0.05570055043245026,0.9300335538491479,pd_v1,PD,1.0,7500
0.9640371229698376,0.9468287124952526,0.9818826309570697,0.0909479398641232,1.1365441516508408,pd_v1,PD,1.0,7500
0.9796875,0.9694626981059142,0.9901302803000395,0.04971969424447176,1.0713804668628397,pd_v1,PD,1.0,7500
0.9702814848043064,0.9516058073031236,0.9897048730267674,0.2301734273956496,0.7690015782409251,pd_v1,PD,1.0,7500
0.9451256897608828,0.9019894675248683,0.9925949774629749,0.8291,0.0,pd_v1,PD,1.0,7500
0.9825742098305492,0.9810415166786657,0.9841116995666828,0.2107295270761974,1.2947755756680355,pd_v1,PD,1.0,10000
0.9808219178082191,0.9756667315553825,0.9860318709423569,0.3484685286365695,0.5849188160992407,pd_v1,PD,1.0,10000
0.9936133628101204,0.9887558054265461,0.998518884226117,0.686627585523143,0.30164587070506127,pd_v1,PD,1.0,10000
0.9918363516937224,0.9928611685139959,0.9908136482939632,0.7114740448666157,0.2604371558104176,pd_v1,PD,1.0,10000
0.9685299295774648,0.9419948630136986,0.9966032608695652,0.05468793881503331,0.9313055132041573,pd_v1,PD,1.0,10000
0.9631135637525414,0.947248143210817,0.9795194958645136,0.0907609000138565,1.1360804366650707,pd_v1,PD,1.0,10000
0.9786692759295499,0.970314318975553,0.9871693643900513,0.04860543050313959,1.0695806772148888,pd_v1,PD,1.0,10000
0.9700168444693992,0.9525805028672254,0.9881034088309312,0.2295561434450324,0.7696210746788206,pd_v1,PD,1.0,10000
0.9447683338447377,0.9024032825322391,0.9913071474565357,0.8294,0.0,pd_v1,PD,1.0,10000
0.9835518474374255,0.9740321057601511,0.9932595089070775,0.19456631807404534,1.2712408078940145,gs_v0,GS,0.0,1000
0.9838584208479191,0.972697558161892,0.9952783789100925,0.34354545411265175,0.5885473739296451,gs_v0,GS,0.0,1000
0.9682748713037233,0.9400278940027894,0.9982720315971365,0.6640535560829408,0.31291923786377,gs_v0,GS,0.0,1000
0.9714703730797366,0.9482327740092824,0.995875515560555,0.6881840295713351,0.26835681776694903,gs_v0,GS,0.0,1000
0.9723809523809523,0.9526030975928345,0.9929974713090839,0.8543528033073275,0.1306974068745922,gs_v0,GS,0.0,1000
0.9710672542632688,0.9455223880597015,0.9980307207562032,0.10362872295761127,1.1590563841204422,gs_v0,GS,0.0,1000
0.9834211039594305,0.9718581341557441,0.9952625345440189,0.04449166667848803,1.063509548503889,gs_v0,GS,0.0,1000
0.9736017897091722,0.9525060188224994,0.9956531686113017,0.2056363903586126,0.7883154805131929,gs_v0,GS,0.0,1000
0.9526755335601609,0.9166666666666666,0.9916291049581455,0.832,0.0,gs_v0,GS,0.0,1000
0.990678776290631,0.983626008542952,0.997833413577275,0.19607448669823946,1.273133671949317,gs_v0,GS,0.0,2500
0.9913077448969626,0.9842901474010861,0.9984261263033641,0.34715537638002103,0.5858351631891059,gs_v0,GS,0.0,2500
0.9790936555891239,0.9590435606060606,1.0,0.669169723195933,0.31140108719211795,gs_v0,GS,0.0,2500
0.9816403727281114,0.9663941871026339,0.9973753280839895,0.6946351898134652,0.26689088100631264,gs_v0,GS,0.0,2500
0.9827354690197583,0.9693472090823084,0.996498735654542,0.8612777916427045,0.1287331618047384,gs_v0,GS,0.0,2500
0.981916642491055,0.9646589397681931,0.9998030720756204,0.09776962039383386,1.1479291107076361,gs_v0,GS,0.0,2500
0.9902018420536939,0.9830739299610894,0.9974338728780102,0.044932699276654775,1.0639562369604274,gs_v0,GS,0.0,2500
0.9847543760587238,0.9723461195361285,0.9974834134065431,0.21044973544973544,0.7853336031842407,gs_v0,GS,0.0,2500
0.9694309452892302,0.9446990528567064,0.995492594977463,0.83635,0.0,gs_v0,GS,0.0,2500
0.9913916786226685,0.9847980997624703,0.9980741454020221,0.19597577585920634,1.272906463775898,gs_v0,GS,0.0,5000
0.9926650366748166,0.9869700505639829,0.9984261263033641,0.34862278707091654,0.5846324846731644,gs_v0,GS,0.0,5000
0.9800411273738963,0.9608633776091081,1.0,0.6697202703021198,0.3112247683657653,gs_v0,GS,0.0,5000
0.9831165236645447,0.9678474114441417,0.9988751406074241,0.696471302861293,0.26540958615996224,gs_v0,GS,0.0,5000
0.9847482014388489,0.9714231642694928,0.9984438825131298,0.8637598546473426,0.12690988295536515,gs_v0,GS,0.0,5000
0.9842008335756518,0.9690780683336515,0.9998030720756204,0.09499186246962688,1.142999879216406,gs_v0,GS,0.0,5000
0.9915719325754606,0.984624367458155,0.9986182392420055,0.045600089296862545,1.0649524809742044,gs_v0,GS,0.0,5000
0.986449864498645,0.9739130434782609,0.9993136582017845,0.21233833039388594,0.7838009726898616,gs_v0,GS,0.0,5000
0.9728627450980392,0.9486081370449678,0.998390212491951,0.83655,0.0,gs_v0,GS,0.0,5000
0.9930522280785817,0.9883166428230806,0.997833413577275,0.19622864142061391,1.2729894897714942,gs_v0,GS,0.0,7500
0.9949995097558584,0.991790461297889,0.9982293920912847,0.35041973226408807,0.5833834752564429,gs_v0,GS,0.0,7500
0.9846864365580943,0.9698348096720134,1.0,0.6724041874447803,0.31036806551665,gs_v0,GS,0.0,7500
0.9874872555380481,0.9765352887259395,0.9986876640419947,0.699692533689576,0.26475189398201104,gs_v0,GS,0.0,7500
0.9877802366977774,0.9773419649657273,0.9984438825131298,0.8660245397145754,0.1266200309637463,gs_v0,GS,0.0,7500
0.989186556259133,0.9787931366878735,0.9998030720756204,0.09257584941453356,1.1384300184685863,gs_v0,GS,0.0,7500
0.9933228593872742,0.9882766705744431,0.9984208448480063,0.045598420404588946,1.0648575822991198,gs_v0,GS,0.0,7500
0.9909235307465396,0.9828944406932253,0.9990848776023793,0.2101778365667254,0.7860007482229705,gs_v0,GS,0.0,7500
0.9779179810725552,0.95856524427953,0.9980682549903412,0.8383,0.0,gs_v0,GS,0.0,7500
0.9929315921888103,0.988313856427379,0.9975926817525277,0.1961499879677273,1.2728502130220662,gs_v0,GS,0.0,10000
0.9951937224129476,0.9923708920187794,0.9980326578792051,0.3504462729619052,0.5834546025231409,gs_v0,GS,0.0,10000
0.9850455927051672,0.9705318639195016,1.0,0.6726106426096004,0.31030236061251126,gs_v0,GS,0.0,10000
0.9879428677425338,0.9776064610866373,0.9985001874765654,0.6999782558312311,0.2647928423870811,gs_v0,GS,0.0,10000
0.9882534180627768,0.9784556720686368,0.9982493678272709,0.8662788104134038,0.12673756216441487,gs_v0,GS,0.0,10000
0.9900565412361084,0.9803088803088803,1.0,0.09302653187654752,1.139103930530259,gs_v0,GS,0.0,10000
0.9938107869142352,0.9892431058087229,0.9984208448480063,0.045319854469256016,1.0644154799822807,gs_v0,GS,0.0,10000
0.9912609238451935,0.9835585585585586,0.9990848776023793,0.21002351557907106,0.786157875046764,gs_v0,GS,0.0,10000
0.9788443321755604,0.9603469640644362,0.9980682549903412,0.8386,0.0,gs_v0,GS,0.0,10000
0.9837125748502994,0.978789323164919,0.9886856042368801,0.1901247621235025,1.26371876779819,gs_v0.25,GS,0.25,1000
0.981885110917369,0.9671755725190839,0.9970489868188078,0.3401002990964204,0.5912524937597718,gs_v0.25,GS,0.25,1000
0.9689708877440997,0.9413407821229051,0.9982720315971365,0.6629564633786074,0.31405437415589976,gs_v0.25,GS,0.25,1000
0.9731123388581953,0.9562070213536011,0.990626171728534,0.6852860005422959,0.27365457923485464,gs_v0.25,GS,0.25,1000
0.9652531827318848,0.9502450056539766,0.9807430460999805,0.8407423884566649,0.14337395811272896,gs_v0.25,GS,0.25,1000
0.9850612153206785,0.9772676621350568,0.9929800724637681,0.051359701132527746,0.9360836843846492,gs_v0.25,GS,0.25,1000
0.9881453904183404,0.9809375607858394,0.9954599289380182,0.041539368431639856,1.058874463277491,gs_v0.25,GS,0.25,1000
0.981924988703118,0.9698727962508369,0.9942804850148708,0.1919238683127572,0.8005985783763562,gs_v0.25,GS,0.25,1000
0.9574401988195091,0.924969987995198,0.9922730199613651,0.8334,0.0,gs_v0.25,GS,0.25,1000
0.9889476213358962,0.9870503597122302,0.9908521906596052,0.19390915260630948,1.2689973776581145,gs_v0.25,GS,0.25,2500
0.9882926829268293,0.9802593381072189,0.9964587841825694,0.3448956558838084,0.5879534931068596,gs_v0.25,GS,0.25,2500
0.9774072731666062,0.957169900615239,0.998518884226117,0.6675220833854126,0.3127071923989633,gs_v0.25,GS,0.25,2500
0.9814367922777056,0.971875,0.9911886014248219,0.6918455603084872,0.2716455806004566,gs_v0.25,GS,0.25,2500
0.9761400808158553,0.9657338663620788,0.9867730013616028,0.8519682770477592,0.13716228822499726,gs_v0.25,GS,0.25,2500
0.9904182166610304,0.9860830527497194,0.9947916666666666,0.053048438323618496,0.934188244268445,gs_v0.25,GS,0.25,2500
0.9926202892846601,0.9896017265057877,0.9956573233320174,0.04342710811203754,1.0615063368083255,gs_v0.25,GS,0.25,2500
0.9889710062535532,0.9830470162748643,0.9949668268130862,0.20185185185185184,0.7929724596391263,gs_v0.25,GS,0.25,2500
0.9705558179814202,0.949768875192604,0.9922730199613651,0.83775,0.0,gs_v0.25,GS,0.25,2500
0.9969955534190602,0.9954403647708183,0.9985556090515166,0.19907076656048128,1.2768222384392387,gs_v0.25,GS,0.25,5000
0.9934423020456102,0.9885079859758473,0.9984261263033641,0.3484259560577262,0.5850378501770318,gs_v0.25,GS,0.25,5000
0.988997555012225,0.9796560910632114,0.998518884226117,0.6744491342202562,0.31036377669730886,gs_v0.25,GS,0.25,5000
0.990572201997573,0.9864287042201153,0.994750656167979,0.7004667307561927,0.26705629974941214,gs_v0.25,GS,0.25,5000
0.988605639242951,0.9815915627996165,0.9957206769111068,0.8655084027483901,0.12863315063521533,gs_v0.25,GS,0.25,5000
0.9945860591021881,0.9907865168539326,0.9984148550724637,0.05460316746429217,0.9323513028988153,gs_v0.25,GS,0.25,5000
0.9962509865824783,0.9958579881656805,0.9966442953020134,0.04437056072916801,1.0627980225203038,gs_v0.25,GS,0.25,5000
0.9937193102660729,0.9920200638394893,0.9954243880118966,0.21275720164609058,0.7845496692191488,gs_v0.25,GS,0.25,5000
0.9844147582697201,0.9726587052168447,0.9964584674822924,0.8409,0.0,gs_v0.25,GS,0.25,5000
0.9977166205984858,0.9961603071754259,0.9992778045257583,0.19971847547802102,1.2778140806594704,gs_v0.25,GS,0.25,7500
0.994610485056345,0.9908238969152675,0.9984261263033641,0.34925531537765153,0.5844605576680174,gs_v0.25,GS,0.25,7500
0.9937384898710866,0.9885197850512946,0.999012589484078,0.6773611121544814,0.30918484554205733,gs_v0.25,GS,0.25,7500
0.9937318738890448,0.9917833800186742,0.9956880389951256,0.7038398540363572,0.26528096373892057,gs_v0.25,GS,0.25,7500
0.9924506387921022,0.9876709689847814,0.997276794397977,0.8696182081451019,0.12661132411043502,gs_v0.25,GS,0.25,7500
0.9957149300857014,0.9916891284815813,0.9997735507246377,0.055391780812035996,0.931402181989757,gs_v0.25,GS,0.25,7500
0.9968410661401776,0.9970379146919431,0.9966442953020134,0.04414754109167418,1.062438130000052,gs_v0.25,GS,0.25,7500
0.9957719117815107,0.9947488584474886,0.9967970716083276,0.2142857142857143,0.7833935018050542,gs_v0.25,GS,0.25,7500
0.9888178913738019,0.981293595434369,0.9964584674822924,0.8423,0.0,gs_v0.25,GS,0.25,7500
0.9985563041385948,0.9980759980759981,0.999037072701011,0.2003060122371214,1.2785399365178565,gs_v0.25,GS,0.25,10000
0.9953926085677874,0.9919890582258695,0.9988195947275231,0.35003159330194256,0.5837423256771754,gs_v0.25,GS,0.25,10000
0.9965559655596556,0.9931355724442266,1.0,0.6794000566678973,0.308028161250353,gs_v0.25,GS,0.25,10000
0.996161408107855,0.9949504394987844,0.9973753280839895,0.7064943226696019,0.2634720788989249,gs_v0.25,GS,0.25,10000
0.9948638433956779,0.9913093858632677,0.9984438825131298,0.8719850114114375,0.12541537398895433,gs_v0.25,GS,0.25,10000
0.9961642599277978,0.9925809352517986,0.9997735507246377,0.05542655983542066,0.9313777131143308,gs_v0.25,GS,0.25,10000
0.9981241978477638,0.9984199091447759,0.9978286616660087,0.044759384814042735,1.0633483284717529,gs_v0.25,GS,0.25,10000
0.9977137631458619,0.9970299291752341,0.9983985358041638,0.21780570252792475,0.7806273499718743,gs_v0.25,GS,0.25,10000
0.9926234765875561,0.9888178913738019,0.9964584674822924,0.8435,0.0,gs_v0.25,GS,0.25,10000
0.9914040114613181,0.9834201800094742,0.9995185363505056,0.1962719083763056,1.2735885366841737,gs_v0.5,GS,0.5,1000
0.9832542832252444,0.967797256097561,0.9992130631516821,0.3407969549272599,0.5903131321998568,gs_v0.5,GS,0.5,1000
0.9740322192834816,0.9493789547691587,1.0,0.6662105325001791,0.31235223414120594,gs_v0.5,GS,0.5,1000
0.9805260729118597,0.9656426104344664,0.995875515560555,0.6944705822787274,0.2671784597406765,gs_v0.5,GS,0.5,1000
0.9792800534708298,0.9617404351087772,0.9974713090838359,0.8596394395676072,0.12789307286830198,gs_v0.5,GS,0.5,1000
0.9835079117450413,0.9681878016673979,0.9993206521739131,0.05104462453973846,0.9361802498057484,gs_v0.5,GS,0.5,1000
0.9821100473841988,0.9648489454683641,1.0,0.0943112564443731,1.1421189523755342,gs_v0.5,GS,0.5,1000
0.9855301831336197,0.9740782122905028,0.997254632807138,0.2008009994121105,0.7932930888404744,gs_v0.5,GS,0.5,1000
0.9460656990068754,0.9002617039837162,0.9967804249839022,0.82805,0.0,gs_v0.5,GS,0.5,1000
0.9927111960807743,0.9855278766310794,1.0,0.19744855798620564,1.2752588778768221,gs_v0.5,GS,0.5,2500
0.9866977376444315,0.9741180981595092,0.999606531575841,0.34300857978039423,0.5887478338711862,gs_v0.5,GS,0.5,2500
0.9803969022265246,0.9615475907904106,1.0,0.6699267254669399,0.3111587002717165,gs_v0.5,GS,0.5,2500
0.9848428835489834,0.971199416697047,0.9988751406074241,0.6985583437085197,0.2644645696641132,gs_v0.5,GS,0.5,2500
0.9834433917121256,0.9679728711379051,0.9994164559424237,0.8637492449643189,0.1258575539789553,gs_v0.5,GS,0.5,2500
0.9858179787828029,0.9724608944701476,0.9995471014492754,0.05534058955542598,0.9310919914461805,gs_v0.5,GS,0.5,2500
0.9842992828067455,0.9690839694656489,1.0,0.09550387325234466,1.1438676013794593,gs_v0.5,GS,0.5,2500
0.9874476987447699,0.9762969588550984,0.9988560970029742,0.20615814226925333,0.788942304075353,gs_v0.5,GS,0.5,2500
0.9641137175702967,0.9315520864605223,0.9990341274951706,0.83345,0.0,gs_v0.5,GS,0.5,2500
0.9962825278810409,0.9925925925925926,1.0,0.2000547227674132,1.2786781796061018,gs_v0.5,GS,0.5,5000
0.9903536977491961,0.981081081081081,0.9998032657879206,0.3457465701489949,0.5867321665852286,gs_v0.5,GS,0.5,5000
0.9857646915683174,0.9719289827255279,1.0,0.6730235529392404,0.3101710342272623,gs_v0.5,GS,0.5,5000
0.9878670000926183,0.976203551162365,0.9998125234345707,0.7013988335449224,0.2630728827978257,gs_v0.5,GS,0.5,5000
0.9866564269943362,0.9740333586050038,0.9996109706282824,0.8660139300315518,0.12556975622796726,gs_v0.5,GS,0.5,5000
0.988027302226698,0.9765538597655385,0.9997735507246377,0.05610159730523423,0.9302584633227313,gs_v0.5,GS,0.5,5000
0.9878416496449761,0.9759753988083798,1.0,0.0950040820222483,1.1426338166920045,gs_v0.5,GS,0.5,5000
0.9910420682617077,0.9824640287769785,0.9997712194005949,0.21410934744268084,0.7827876185364108,gs_v0.5,GS,0.5,5000
0.9738203480169305,0.948976474182707,1.0,0.83635,0.0,gs_v0.5,GS,0.5,5000
0.996760647870426,0.9935422147811528,1.0,0.1997401089558669,1.2781180314603977,gs_v0.5,GS,0.5,7500
0.9919000683126769,0.9841208365608056,0.9998032657879206,0.34685238257556206,0.5859576665715859,gs_v0.5,GS,0.5,7500
0.9874466788543571,0.9752046220510352,1.0,0.6739870103750673,0.30986503785778996,gs_v0.5,GS,0.5,7500
0.9886016124548235,0.977460142935679,1.0,0.7018404646357512,0.26295087326727096,gs_v0.5,GS,0.5,7500
0.9882692307692308,0.9771819737592699,0.9996109706282824,0.8669759148138905,0.12559816728620468,gs_v0.5,GS,0.5,7500
0.9891340875994175,0.9787186876524052,0.9997735507246377,0.05578554343397779,0.9306796531543241,gs_v0.5,GS,0.5,7500
0.9894777864380359,0.9791747011183957,1.0,0.0946576115939115,1.141875279638241,gs_v0.5,GS,0.5,7500
0.9917167820265517,0.9837910850968032,0.9997712194005949,0.21747501469723696,0.7801696602338399,gs_v0.5,GS,0.5,7500
0.9779596977329975,0.9568699938385705,1.0,0.8377,0.0,gs_v0.5,GS,0.5,7500
0.9972392269835554,0.9944936557337802,1.0,0.19985730108934707,1.2782202700153245,gs_v0.5,GS,0.5,10000
0.9929660023446659,0.9862216184746749,0.9998032657879206,0.3476126286188269,0.5854263828317007,gs_v0.5,GS,0.5,10000
0.9898594990836896,0.9799225931301403,1.0,0.6753633781405342,0.30942894604460613,gs_v0.5,GS,0.5,10000
0.9906212275977342,0.9814167433302667,1.0,0.7034597786354568,0.2625044715995589,gs_v0.5,GS,0.5,10000
0.9896966779008185,0.9799771167048055,0.9996109706282824,0.8680374859391559,0.12546383769552424,gs_v0.5,GS,0.5,10000
0.9899103139013453,0.9802397868561279,0.9997735507246377,0.055947157082330556,0.9305166271222979,gs_v0.5,GS,0.5,10000
0.991119352005465,0.9823950473979494,1.0,0.09344655017820958,1.1396852412834528,gs_v0.5,GS,0.5,10000
0.9926178307779671,0.9855660802886784,0.9997712194005949,0.21706349206349207,0.7805856397914159,gs_v0.5,GS,0.5,10000
0.9812036013268046,0.9631007751937984,1.0,0.83875,0.0,gs_v0.5,GS,0.5,10000
0.9918738049713193,0.984812529663028,0.999037072701011,0.1978017104783455,1.2757814395242553,gs_v0.75,GS,0.75,1000
0.9867807153965785,0.9752161383285303,0.9986228605154437,0.34401873823248375,0.5879464301750159,gs_v0.75,GS,0.75,1000
0.9815846862127453,0.9638353556983107,1.0,0.6723765795559757,0.3094703457821836,gs_v0.75,GS,0.75,1000
0.9841593330245484,0.9727156198498443,0.995875515560555,0.6978738178128763,0.26598175359559206,gs_v0.75,GS,0.75,1000
0.9833205521472392,0.9693819693819694,0.9976658237696946,0.8642289714274003,0.12624818501222343,gs_v0.75,GS,0.75,1000
0.9844883383550943,0.9705170517051706,0.9988677536231884,0.05589292316492611,0.9304042465306719,gs_v0.75,GS,0.75,1000
0.9829655439411537,0.9665017129805862,1.0,0.09489070532410526,1.1429921320027328,gs_v0.75,GS,0.75,1000
0.9906835343728547,0.9844084973689339,0.9970390840900119,0.04598891338173727,1.0655063195601493,gs_v0.75,GS,0.75,1000
0.9594153319856943,0.9278195488721804,0.9932388924661945,0.83375,0.0,gs_v0.75,GS,0.75,1000
0.9950833433265379,0.9913978494623656,0.9987963408762638,0.2002706257399265,1.279009504235966,gs_v0.75,GS,0.75,2500
0.991015625,0.9839053713399263,0.9982293920912847,0.3465864382857114,0.5864116143871375,gs_v0.75,GS,0.75,2500
0.9904645476772617,0.9811092274158392,1.0,0.6774691402882034,0.3078602209429878,gs_v0.75,GS,0.75,2500
0.992268281322776,0.9861136826513609,0.9985001874765654,0.7061918689477984,0.26163439037057185,gs_v0.75,GS,0.75,2500
0.9890300230946882,0.9786707293848791,0.9996109706282824,0.8726057984329016,0.12173802038201442,gs_v0.75,GS,0.75,2500
0.9865891819400984,0.9739629302736099,0.9995471014492754,0.05630820606321496,0.9299635068337061,gs_v0.75,GS,0.75,2500
0.9906268306971294,0.9823780015491866,0.9990153603781016,0.09146289025619792,1.136355086307872,gs_v0.75,GS,0.75,2500
0.9938071365378944,0.989817897004112,0.9978286616660087,0.046765727105349986,1.0665653293153128,gs_v0.75,GS,0.75,2500
0.9738993710691823,0.9517516902274125,0.9971023824855119,0.8373,0.0,gs_v0.75,GS,0.75,2500
0.9978365384615384,0.9963994239078252,0.9992778045257583,0.20115114283272728,1.2799907630802818,gs_v0.75,GS,0.75,5000
0.9942241801272639,0.9894777864380359,0.9990163289396026,0.3488140950198717,0.5846781483835974,gs_v0.75,GS,0.75,5000
0.9972919743968488,0.9945985759882151,1.0,0.6810713028591819,0.3068604074907709,gs_v0.75,GS,0.75,5000
0.996636142777051,0.9934798807749627,0.9998125234345707,0.7090798682093137,0.2606064095869417,gs_v0.75,GS,0.75,5000
0.992468134414832,0.9854266538830297,0.9996109706282824,0.8729834066968802,0.123044537421661,gs_v0.75,GS,0.75,5000
0.9905745062836625,0.9817615658362989,0.9995471014492754,0.05682271798853611,0.9295058826529187,gs_v0.75,GS,0.75,5000
0.9963679198979091,0.9933450773145429,0.999409216226861,0.09096920880241233,1.1349885170804312,gs_v0.75,GS,0.75,5000
0.9966515658853654,0.9944968553459119,0.9988156336360048,0.04782110676429574,1.0680675340044894,gs_v0.75,GS,0.75,5000
0.9853736089030206,0.9733040201005025,0.9977462974887314,0.8408,0.0,gs_v0.75,GS,0.75,5000
0.9985569985569985,0.9975973089860644,0.9995185363505056,0.200836529021181,1.2794304694654515,gs_v0.75,GS,0.75,7500
0.996078431372549,0.9927692007035372,0.9994097973637616,0.35010070657860304,0.5836943521132637,gs_v0.75,GS,0.75,7500
0.997906146077103,0.9958210422812193,1.0,0.6806603932835619,0.30737561801096375,gs_v0.75,GS,0.75,7500
0.9971025329470043,0.9942218080149114,1.0,0.7088416554927712,0.26091153250001614,gs_v0.75,GS,0.75,7500
0.9939077458659704,0.9882692307692308,0.9996109706282824,0.8733215903432594,0.12345261602853703,gs_v0.75,GS,0.75,7500
0.9924676784710511,0.9854878321053807,0.9995471014492754,0.0564667770507733,0.930004484884966,gs_v0.75,GS,0.75,7500
0.9975439630612044,0.9952950401881984,0.9998030720756204,0.09090788048170861,1.1348079687992945,gs_v0.75,GS,0.75,7500
0.997832085139929,0.9962613144431326,0.9994078168180024,0.04815438455133125,1.0685419144326505,gs_v0.75,GS,0.75,7500
0.9886888641070575,0.978555660674866,0.9990341274951706,0.84145,0.0,gs_v0.75,GS,0.75,7500
0.9993985324191026,0.9987977879297908,1.0,0.2014641805525743,1.280334419562814,gs_v0.75,GS,0.75,10000
0.9967618486900206,0.9943226311667972,0.9992130631516821,0.35072272606854704,0.5832629446098541,gs_v0.75,GS,0.75,10000
0.9985210746857284,0.9970465173517106,1.0,0.6817594867419154,0.30664563956839497,gs_v0.75,GS,0.75,10000
0.9975687301290443,0.9951492537313433,1.0,0.7094391955327737,0.26062895746331216,gs_v0.75,GS,0.75,10000
0.993811641848772,0.988079215535474,0.9996109706282824,0.8737330772541658,0.12310189774832282,gs_v0.75,GS,0.75,10000
0.9929141828815656,0.9863687150837989,0.9995471014492754,0.05630005535929894,0.9302206177675103,gs_v0.75,GS,0.75,10000
0.9987216048775691,0.9974464741701041,1.0,0.09068712158293468,1.1343468366155678,gs_v0.75,GS,0.75,10000
0.998324297683588,0.9970466627288836,0.9996052112120016,0.04720842859579044,1.067099809185618,gs_v0.75,GS,0.75,10000
0.9912154607890113,0.9835182250396196,0.9990341274951706,0.84225,0.0,gs_v0.75,GS,0.75,10000
0.9936595286517526,0.9876337693222355,0.9997592681752527,0.1983892472374459,1.2765096348801674,gs_v1,GS,1.0,1000
0.9915982805783509,0.9848631864933048,0.9984261263033641,0.3471128038011777,0.585954232629906,gs_v1,GS,1.0,1000
0.9874436181884676,0.9754335260115607,0.9997531473710195,0.673872979979285,0.3100304205130362,gs_v1,GS,1.0,1000
0.9861085386182626,0.9743777452415813,0.9981252343457068,0.6999481435772468,0.2641987404332657,gs_v1,GS,1.0,1000
0.9866564269943362,0.9740333586050038,0.9996109706282824,0.865772800871923,0.12575075564065802,gs_v1,GS,1.0,1000
0.9875825036357534,0.9759009506964405,0.9995471014492754,0.055882707078682814,0.9305116637754594,gs_v1,GS,1.0,1000
0.9865941325043714,0.973542944785276,1.0,0.09416710030707964,1.1413772191438278,gs_v1,GS,1.0,1000
0.9921491658488715,0.9865339578454333,0.9978286616660087,0.046377737466612,1.0660601581460942,gs_v1,GS,1.0,1000
0.9893424036281179,0.9806698134412227,0.9981697552047586,0.21048647854203406,0.7856864945753835,gs_v1,GS,1.0,1000
0.9946062567421791,0.9904511816662688,0.9987963408762638,0.19885801577136664,1.276920132805822,gs_v1,GS,1.0,2500
0.9931480031323414,0.9883109292811222,0.9980326578792051,0.34774533210791286,0.585780257654615,gs_v1,GS,1.0,2500
0.988163514338011,0.9770752895752896,0.999506294742039,0.674171859913143,0.3100647019932474,gs_v1,GS,1.0,2500
0.9881217520415738,0.9783167952958471,0.9981252343457068,0.7004198869220599,0.2646700731223935,gs_v1,GS,1.0,2500
0.9879819248149216,0.9768060836501901,0.9994164559424237,0.8666640142459108,0.12578794108404348,gs_v1,GS,1.0,2500
0.9905702739110912,0.9821905609973286,0.9990942028985508,0.05524549129304823,0.9314067055381734,gs_v1,GS,1.0,2500
0.9897610921501706,0.9802974695769751,0.999409216226861,0.09321968150312487,1.1393927499852616,gs_v1,GS,1.0,2500
0.9937119276871684,0.9892410015649452,0.9982234504540071,0.04648799561615369,1.0661700122918452,gs_v1,GS,1.0,2500
0.9908048586672721,0.9833258224425416,0.9983985358041638,0.2172692533803645,0.7803776500126279,gs_v1,GS,1.0,2500
0.9968780019212296,0.994489698131289,0.9992778045257583,0.19983724370320055,1.2781314413182805,gs_v1,GS,1.0,5000
0.9950970778584036,0.9919843597262952,0.9982293920912847,0.34898937108780087,0.5849135051155454,gs_v1,GS,1.0,5000
0.9924019607843138,0.9853979070333414,0.999506294742039,0.6765805035027099,0.3093022835184854,gs_v1,GS,1.0,5000
0.9932923420905534,0.9872222222222222,0.999437570303712,0.7048883893437323,0.2627135531893181,gs_v1,GS,1.0,5000
0.9921807124239791,0.9848600996550403,0.9996109706282824,0.8698775425562826,0.12523167914594885,gs_v1,GS,1.0,5000
0.9912398921832885,0.9832887700534759,0.9993206521739131,0.05548177103129204,0.9311414096831139,gs_v1,GS,1.0,5000
0.9934423020456102,0.9875462152169683,0.999409216226861,0.09278427348188778,1.138278897237183,gs_v1,GS,1.0,5000
0.995475113122172,0.9921568627450981,0.9988156336360048,0.04771084861475394,1.0679590332979056,gs_v1,GS,1.0,5000
0.9941946499715424,0.9893520616221114,0.9990848776023793,0.21970899470899474,0.7787103650413003,gs_v1,GS,1.0,5000
0.9975961538461539,0.9961593855016803,0.999037072701011,0.20007162797016098,1.2783357783141074,gs_v1,GS,1.0,7500
0.9959760526057513,0.9937328632980806,0.9982293920912847,0.3496113905777449,0.5844810900058001,gs_v1,GS,1.0,7500
0.9942310052780164,0.98876953125,0.9997531473710195,0.6777268097225925,0.30881188432909945,gs_v1,GS,1.0,7500
0.9948698815409011,0.989975867829961,0.9998125234345707,0.7067633132311086,0.2617187164725633,gs_v1,GS,1.0,7500
0.9944847605224963,0.9894108586830959,0.9996109706282824,0.8715760563567072,0.12501814022591315,gs_v1,GS,1.0,7500
0.9923543962221723,0.9854845913354175,0.9993206521739131,0.05556871858975365,0.9310803065352817,gs_v1,GS,1.0,7500
0.9952931947440674,0.9912109375,0.999409216226861,0.09227837247548076,1.137250255732506,gs_v1,GS,1.0,7500
0.9968485325979909,0.9946933962264151,0.9990130280300039,0.04726480933976651,1.0672277950509357,gs_v1,GS,1.0,7500
0.9953276353276354,0.9915985467756585,0.9990848776023793,0.22103174603174602,0.7777777777777778,gs_v1,GS,1.0,7500
0.9979564851544657,0.9966386554621849,0.9992778045257583,0.19999297451727438,1.2781959166315784,gs_v1,GS,1.0,10000
0.9968571989785897,0.9952931947440674,0.9984261263033641,0.3503450959231927,0.5838825157681272,gs_v1,GS,1.0,10000
0.994475138121547,0.9892525647288715,0.9997531473710195,0.6778644464991391,0.30876854231024625,gs_v1,GS,1.0,10000
0.9953340798805524,0.9908955778520996,0.9998125234345707,0.7066723108781756,0.26198400987078985,gs_v1,GS,1.0,10000
0.9946772476531501,0.9897919876733436,0.9996109706282824,0.8717175991734092,0.1250003781828321,gs_v1,GS,1.0,10000
0.9932493249324933,0.9870304114490162,0.9995471014492754,0.055217885695112656,0.9315247256248311,gs_v1,GS,1.0,10000
0.9955869373345102,0.9915999218597382,0.9996061441512406,0.0920545586885515,1.1368718030683687,gs_v1,GS,1.0,10000
0.9972419227738377,0.9952811639795517,0.9992104224240032,0.04793219935997417,1.0682256608138763,gs_v1,GS,1.0,10000
0.9958960328317373,0.9925017041581459,0.9993136582017845,0.2208774250440917,0.7779329299377176,gs_v1,GS,1.0,10000
