f1,recall,precision,abs_spd,di,eta,base_treino,serie_treino,vies_treino
0.8724587648638281,0.8949439307495574,0.8510757717492984,0.23212870429075494,0.708726890782852,0.0,pd_v0,PD,0.0
0.8727935533384498,0.8949439307495574,0.8517131623291518,0.23240515739739676,0.7084811250643317,1.0,pd_v0,PD,0.0
0.8727935533384498,0.8949439307495574,0.8517131623291518,0.23240515739739676,0.7084811250643317,5.0,pd_v0,PD,0.0
0.8727935533384498,0.8949439307495574,0.8517131623291518,0.23240515739739676,0.7084811250643317,10.0,pd_v0,PD,0.0
0.8727935533384498,0.8949439307495574,0.8517131623291518,0.23240515739739676,0.7084811250643317,25.0,pd_v0,PD,0.0
0.8727935533384498,0.8949439307495574,0.8517131623291518,0.23240515739739676,0.7084811250643317,50.0,pd_v0,PD,0.0
0.8727935533384498,0.8949439307495574,0.8517131623291518,0.23240515739739676,0.7084811250643317,75.0,pd_v0,PD,0.0
0.8727935533384498,0.8949439307495574,0.8517131623291518,0.23240515739739676,0.7084811250643317,100.0,pd_v0,PD,0.0
0.6284560422491458,0.49938286842754875,0.8475073313782991,0.34032318771103154,0.6504886394353665,0.0,pd_v0,PD,0.0
0.6296641791044776,0.49987657368550975,0.8504829903401931,0.3407360980406716,0.650212911294313,1.0,pd_v0,PD,0.0
0.6296641791044776,0.49987657368550975,0.8504829903401931,0.3407360980406716,0.650212911294313,5.0,pd_v0,PD,0.0
0.6296641791044776,0.49987657368550975,0.8504829903401931,0.3407360980406716,0.650212911294313,10.0,pd_v0,PD,0.0
0.6296641791044776,0.49987657368550975,0.8504829903401931,0.3407360980406716,0.650212911294313,25.0,pd_v0,PD,0.0
0.6296641791044776,0.49987657368550975,0.8504829903401931,0.3407360980406716,0.650212911294313,50.0,pd_v0,PD,0.0
0.6296641791044776,0.49987657368550975,0.8504829903401931,0.3407360980406716,0.650212911294313,75.0,pd_v0,PD,0.0
0.6296641791044776,0.49987657368550975,0.8504829903401931,0.3407360980406716,0.650212911294313,100.0,pd_v0,PD,0.0
0.785140975509364,0.7152230971128609,0.8702098540145985,0.45215458915111495,0.511609775146522,0.0,pd_v0,PD,0.0
0.7856627871047481,0.7150356205474315,0.8717714285714285,0.4528170357873581,0.5112439621667556,1.0,pd_v0,PD,0.0
0.7856627871047481,0.7150356205474315,0.8717714285714285,0.4528170357873581,0.5112439621667556,5.0,pd_v0,PD,0.0
0.7856627871047481,0.7150356205474315,0.8717714285714285,0.4528170357873581,0.5112439621667556,10.0,pd_v0,PD,0.0
0.7856627871047481,0.7150356205474315,0.8717714285714285,0.4528170357873581,0.5112439621667556,25.0,pd_v0,PD,0.0
0.7856627871047481,0.7150356205474315,0.8717714285714285,0.4528170357873581,0.5112439621667556,50.0,pd_v0,PD,0.0
0.7856627871047481,0.7150356205474315,0.8717714285714285,0.4528170357873581,0.5112439621667556,75.0,pd_v0,PD,0.0
0.7856627871047481,0.7150356205474315,0.8717714285714285,0.4528170357873581,0.5112439621667556,100.0,pd_v0,PD,0.0
0.824118415324336,0.73643260066135,0.9355077835433655,0.6467579581665022,0.3450376299797409,0.0,pd_v0,PD,0.0
0.8249264625776228,0.73643260066135,0.937592867756315,0.6473949008416613,0.3448152163806994,1.0,pd_v0,PD,0.0
0.8249264625776228,0.73643260066135,0.937592867756315,0.6473949008416613,0.3448152163806994,5.0,pd_v0,PD,0.0
0.8249264625776228,0.73643260066135,0.937592867756315,0.6473949008416613,0.3448152163806994,10.0,pd_v0,PD,0.0
0.8249264625776228,0.73643260066135,0.937592867756315,0.6473949008416613,0.3448152163806994,25.0,pd_v0,PD,0.0
0.8249264625776228,0.73643260066135,0.937592867756315,0.6473949008416613,0.3448152163806994,50.0,pd_v0,PD,0.0
0.8249264625776228,0.73643260066135,0.937592867756315,0.6473949008416613,0.3448152163806994,75.0,pd_v0,PD,0.0
0.8249264625776228,0.73643260066135,0.937592867756315,0.6473949008416613,0.3448152163806994,100.0,pd_v0,PD,0.0
0.5139041164158278,0.583786231884058,0.4589638597115898,0.14994201162052612,0.8127108461822629,0.0,pd_v0,PD,0.0
0.5143142144638404,0.583786231884058,0.4596184703155643,0.15081757252673167,0.8118230014779807,1.0,pd_v0,PD,0.0
0.5143142144638404,0.583786231884058,0.4596184703155643,0.15081757252673167,0.8118230014779807,5.0,pd_v0,PD,0.0
0.5143142144638404,0.583786231884058,0.4596184703155643,0.15081757252673167,0.8118230014779807,10.0,pd_v0,PD,0.0
0.5143142144638404,0.583786231884058,0.4596184703155643,0.15081757252673167,0.8118230014779807,25.0,pd_v0,PD,0.0
0.5143142144638404,0.583786231884058,0.4596184703155643,0.15081757252673167,0.8118230014779807,50.0,pd_v0,PD,0.0
0.5143142144638404,0.583786231884058,0.4596184703155643,0.15081757252673167,0.8118230014779807,75.0,pd_v0,PD,0.0
0.5143142144638404,0.583786231884058,0.4596184703155643,0.15081757252673167,0.8118230014779807,100.0,pd_v0,PD,0.0
0.8031527890056589,0.7825915714848366,0.8248235782482358,0.011141350020784757,1.0148462725597573,0.0,pd_v0,PD,0.0
0.8033963408470636,0.7825915714848366,0.82533748701973,0.010469908659996863,1.0139390798250494,1.0,pd_v0,PD,0.0
0.8033963408470636,0.7825915714848366,0.82533748701973,0.010469908659996863,1.0139390798250494,5.0,pd_v0,PD,0.0
0.8033963408470636,0.7825915714848366,0.82533748701973,0.010469908659996863,1.0139390798250494,10.0,pd_v0,PD,0.0
0.8033963408470636,0.7825915714848366,0.82533748701973,0.010469908659996863,1.0139390798250494,25.0,pd_v0,PD,0.0
0.8033963408470636,0.7825915714848366,0.82533748701973,0.010469908659996863,1.0139390798250494,50.0,pd_v0,PD,0.0
0.8033963408470636,0.7825915714848366,0.82533748701973,0.010469908659996863,1.0139390798250494,75.0,pd_v0,PD,0.0
0.8033963408470636,0.7825915714848366,0.82533748701973,0.010469908659996863,1.0139390798250494,100.0,pd_v0,PD,0.0
0.6842105263157895,0.7210817212791156,0.6509265858873842,0.060279387586629096,0.9220854776631079,0.0,pd_v0,PD,0.0
0.6843928471116937,0.7214765100671141,0.6509349955476402,0.05988972905561751,0.9225389968108366,1.0,pd_v0,PD,0.0
0.6843928471116937,0.7214765100671141,0.6509349955476402,0.05988972905561751,0.9225389968108366,5.0,pd_v0,PD,0.0
0.6843928471116937,0.7214765100671141,0.6509349955476402,0.05988972905561751,0.9225389968108366,10.0,pd_v0,PD,0.0
0.6843928471116937,0.7214765100671141,0.6509349955476402,0.05988972905561751,0.9225389968108366,25.0,pd_v0,PD,0.0
0.6843928471116937,0.7214765100671141,0.6509349955476402,0.05988972905561751,0.9225389968108366,50.0,pd_v0,PD,0.0
0.6843928471116937,0.7214765100671141,0.6509349955476402,0.05988972905561751,0.9225389968108366,75.0,pd_v0,PD,0.0
0.6843928471116937,0.7214765100671141,0.6509349955476402,0.05988972905561751,0.9225389968108366,100.0,pd_v0,PD,0.0
0.6658737024221453,0.7044154655685197,0.6313307361082633,0.24352586713697832,0.7547221482073599,0.0,pd_v0,PD,0.0
0.6660899653979239,0.704644246167925,0.6315357801927415,0.24352586713697832,0.7547221482073599,1.0,pd_v0,PD,0.0
0.6660899653979239,0.704644246167925,0.6315357801927415,0.24352586713697832,0.7547221482073599,5.0,pd_v0,PD,0.0
0.6660899653979239,0.704644246167925,0.6315357801927415,0.24352586713697832,0.7547221482073599,10.0,pd_v0,PD,0.0
0.6660899653979239,0.704644246167925,0.6315357801927415,0.24352586713697832,0.7547221482073599,25.0,pd_v0,PD,0.0
0.6660899653979239,0.704644246167925,0.6315357801927415,0.24352586713697832,0.7547221482073599,50.0,pd_v0,PD,0.0
0.6660899653979239,0.704644246167925,0.6315357801927415,0.24352586713697832,0.7547221482073599,75.0,pd_v0,PD,0.0
0.6660899653979239,0.704644246167925,0.6315357801927415,0.24352586713697832,0.7547221482073599,100.0,pd_v0,PD,0.0
0.5151769243669294,0.49452672247263363,0.5376268813440672,0.85715,0.0,0.0,pd_v0,PD,0.0
0.5150905432595574,0.49452672247263363,0.5374387683694891,0.8571,0.0,1.0,pd_v0,PD,0.0
0.5150905432595574,0.49452672247263363,0.5374387683694891,0.8571,0.0,5.0,pd_v0,PD,0.0
0.5150905432595574,0.49452672247263363,0.5374387683694891,0.8571,0.0,10.0,pd_v0,PD,0.0
0.5150905432595574,0.49452672247263363,0.5374387683694891,0.8571,0.0,25.0,pd_v0,PD,0.0
0.5150905432595574,0.49452672247263363,0.5374387683694891,0.8571,0.0,50.0,pd_v0,PD,0.0
0.5150905432595574,0.49452672247263363,0.5374387683694891,0.8571,0.0,75.0,pd_v0,PD,0.0
0.5150905432595574,0.49452672247263363,0.5374387683694891,0.8571,0.0,100.0,pd_v0,PD,0.0
0.5991140642303433,0.7814155031295137,0.4857826997904819,0.16111815458575107,1.2653440696118186,0.0,pd_v0.25,PD,0.25
0.6375159673774197,0.7809340394800193,0.5386020255686534,0.24724752856946886,1.4061376070067477,1.0,pd_v0.25,PD,0.25
0.6422208411021338,0.746268656716418,0.5636363636363636,0.30348401331326813,1.4939190662141437,5.0,pd_v0.25,PD,0.25
0.6007229707525469,0.660086663456909,0.5511557788944723,0.33754108795494153,1.5372430385902762,10.0,pd_v0.25,PD,0.25
0.5812197046556195,0.620606644198363,0.5465338138647445,0.3459635924544675,1.5421645648300382,25.0,pd_v0.25,PD,0.25
0.5480330496978666,0.5349061145883486,0.5618204804045512,0.3110744061664307,1.4515355634204816,50.0,pd_v0.25,PD,0.25
0.5357007933509633,0.5120365912373616,0.5616583047266966,0.297860626081485,1.4242186624845974,75.0,pd_v0.25,PD,0.25
0.5380468847937822,0.516610495907559,0.5613392623594036,0.30069215038540187,1.4299853784726126,100.0,pd_v0.25,PD,0.25
0.792667685043744,0.7045174031103432,0.9060317460317461,0.5752186682581093,0.42466255035389694,0.0,pd_v0.25,PD,0.25
0.7393866142921891,0.6040483831152802,0.9528816199376947,0.46905234311008714,0.53088308915048,1.0,pd_v0.25,PD,0.25
0.6443307476481267,0.48185633176993337,0.9721115537848606,0.3671603583836167,0.6328396416163833,5.0,pd_v0.25,PD,0.25
0.551183905999644,0.3821278696618119,0.9885057471264368,0.2863411958310478,0.7136588041689522,10.0,pd_v0.25,PD,0.25
0.4907838391361013,0.3253517649962972,0.9984848484848485,0.24136039495337358,0.7586396050466264,25.0,pd_v0.25,PD,0.25
0.4100451245830881,0.2579609972846211,0.9990439770554493,0.19125982812214304,0.808740171877857,50.0,pd_v0.25,PD,0.25
0.3921412978765628,0.24389039743273266,1.0,0.18065459864691902,0.819345401353081,75.0,pd_v0.25,PD,0.25
0.38444666001994016,0.2379659343372007,1.0,0.1762662278295849,0.8237337721704151,100.0,pd_v0.25,PD,0.25
0.8899233827950732,0.8601424821897263,0.9218404661442636,0.6563819777976292,0.317443126646874,0.0,pd_v0.25,PD,0.25
0.8541922290388548,0.7830896137982752,0.9394961763382816,0.5846110040733709,0.3943014488415453,1.0,pd_v0.25,PD,0.25
0.7822465753424658,0.6691038620172478,0.9414402532313374,0.49121217934179107,0.4925398320631455,5.0,pd_v0.25,PD,0.25
0.698983211161031,0.5541807274090739,0.9462227912932138,0.4053525265902449,0.583740028249806,10.0,pd_v0.25,PD,0.25
0.6343180389692018,0.4730033745781777,0.9626096909576497,0.34896368172981673,0.644227781781383,25.0,pd_v0.25,PD,0.25
0.47701969740222666,0.31327334083239594,0.9994019138755981,0.26067976301839724,0.7393202369816028,50.0,pd_v0.25,PD,0.25
0.42648576906061053,0.27109111361079863,0.9993089149965446,0.22560024945431867,0.7743997505456813,75.0,pd_v0.25,PD,0.25
0.4232303827397665,0.26846644169478817,0.9993021632937893,0.22341752416588712,0.7765824758341129,100.0,pd_v0.25,PD,0.25
0.944080604534005,0.9113013032483952,0.9793060200668896,0.8140269654739213,0.18574252993441118,0.0,pd_v0.25,PD,0.25
0.9185721676151061,0.8634506905271347,0.981211317418214,0.7699750793013523,0.22986140932058408,1.0,pd_v0.25,PD,0.25
0.8402630698918738,0.7331258510017507,0.9840731070496084,0.651987929074269,0.3479197736537783,5.0,pd_v0.25,PD,0.25
0.7674777448071216,0.6288659793814433,0.9844701583434835,0.5589725968766539,0.44094827336727627,10.0,pd_v0.25,PD,0.25
0.6613278222681478,0.4979575957984828,0.9842368319876971,0.44261825275399636,0.5573190889429523,25.0,pd_v0.25,PD,0.25
0.4145443387542191,0.2627893405952149,0.981118373275236,0.23410036519011224,0.7658664948940908,50.0,pd_v0.25,PD,0.25
0.34067170175156675,0.20618556701030927,0.9796672828096118,0.18384482856319573,0.8161291458381968,75.0,pd_v0.25,PD,0.25
0.3382684261345349,0.20443493483758024,0.9794967381174278,0.1823116088016965,0.8176625826466611,100.0,pd_v0.25,PD,0.25
0.5421203438395416,0.6426630434782609,0.46878097125867196,0.4271351501866939,0.5403681701500621,0.0,pd_v0.25,PD,0.25
0.5118306351183064,0.5584239130434783,0.4724137931034483,0.36446582850630804,0.6110122327926484,1.0,pd_v0.25,PD,0.25
0.44553072625698326,0.43342391304347827,0.4583333333333333,0.2985848876821414,0.6868132110260904,5.0,pd_v0.25,PD,0.25
0.41294946249845543,0.37839673913043476,0.4544465596954039,0.2723962125482333,0.7174612108010889,10.0,pd_v0.25,PD,0.25
0.35908252043237543,0.30842391304347827,0.42965299684542585,0.23197054470610223,0.760235874776057,25.0,pd_v0.25,PD,0.25
0.2031934877896055,0.14696557971014493,0.3291075050709939,0.17911563774407013,0.8206488129241021,50.0,pd_v0.25,PD,0.25
0.15960691291087767,0.10665760869565218,0.31695827725437414,0.13679462395286757,0.8632053760471324,75.0,pd_v0.25,PD,0.25
0.1502219187435985,0.09963768115942029,0.30513176144244103,0.1327441774831999,0.8672558225168001,100.0,pd_v0.25,PD,0.25
0.747955139556455,0.8733753446238677,0.6540333284176375,0.15962522632110077,0.7966337293405537,0.0,pd_v0.25,PD,0.25
0.7906759033888785,0.8316266246553762,0.7535688793718772,0.09595046331701829,0.8792035305436918,1.0,pd_v0.25,PD,0.25
0.7766323024054983,0.7343442300118157,0.8240883977900553,0.04031443675586088,0.9499235742493226,5.0,pd_v0.25,PD,0.25
0.7645511720983419,0.6583300512012603,0.9116443959640033,0.003110279617947631,1.0038198816198434,10.0,pd_v0.25,PD,0.25
0.7222154446748811,0.5829066561638441,0.9490221224751523,0.020235867338081137,1.024429574511361,25.0,pd_v0.25,PD,0.25
0.560434964450021,0.39582512800315084,0.9594272076372315,0.012385842287998217,1.0139853281129079,50.0,pd_v0.25,PD,0.25
0.49526031792329006,0.3343836155966916,0.954468802698145,0.014862722548602103,1.016523176000785,75.0,pd_v0.25,PD,0.25
0.4988358556461001,0.33753446238676643,0.955406911928651,0.022254687293578934,1.024920787676118,100.0,pd_v0.25,PD,0.25
0.6847166740642107,0.9135412554283459,0.5475627070515854,0.2686539390822611,0.6720648433085114,0.0,pd_v0.25,PD,0.25
0.7054161162483488,0.8432688511646269,0.6063014476298609,0.20056919796180417,0.7578375524004094,1.0,pd_v0.25,PD,0.25
0.6566564651874521,0.6776549545992894,0.6369202226345083,0.12416085662682763,0.852586664278374,5.0,pd_v0.25,PD,0.25
0.5955297657425317,0.5469798657718121,0.6535377358490566,0.07363375230039415,0.913806211404521,10.0,pd_v0.25,PD,0.25
0.5439796036620698,0.4632846427161469,0.6587145663766489,0.06606896958780395,0.925034243030202,25.0,pd_v0.25,PD,0.25
0.40714385377424306,0.287998420844848,0.6944312232270348,0.06997378809980237,0.9269536566464688,50.0,pd_v0.25,PD,0.25
0.34244910361592223,0.22246348203711014,0.7434036939313984,0.05305553175066158,0.9454137573899685,75.0,pd_v0.25,PD,0.25
0.34221342670117216,0.2218712988551125,0.7478376580172987,0.047883050482517064,0.9505315820933333,100.0,pd_v0.25,PD,0.25
0.6665052070719303,0.9444063143445436,0.5149700598802395,0.41234567901234565,0.5876543209876544,0.0,pd_v0.25,PD,0.25
0.7031423290203327,0.8702814001372684,0.5898588928516049,0.33173868312757204,0.668261316872428,1.0,pd_v0.25,PD,0.25
0.652847479816714,0.6845115534202699,0.6239833159541188,0.246656378600823,0.753343621399177,5.0,pd_v0.25,PD,0.25
0.5866900175131349,0.5364905056051247,0.6472536571901739,0.18636831275720167,0.8136316872427983,10.0,pd_v0.25,PD,0.25
0.535912349519816,0.45321436742164267,0.6555261416280609,0.15545267489711934,0.8445473251028807,25.0,pd_v0.25,PD,0.25
0.3950334912595981,0.2765957446808511,0.6908571428571428,0.09002057613168724,0.9099794238683128,50.0,pd_v0.25,PD,0.25
0.33321504613200853,0.21482498284145504,0.7422924901185771,0.06507201646090532,0.9349279835390947,75.0,pd_v0.25,PD,0.25
0.33196940046255113,0.213452299245024,0.7464,0.06430041152263377,0.9356995884773662,100.0,pd_v0.25,PD,0.25
0.5436787845903418,0.8065035415325177,0.41005074480275006,0.69455,0.0,0.0,pd_v0.25,PD,0.25
0.5824956440155475,0.6996136509980683,0.4989667049368542,0.78225,0.0,1.0,pd_v0.25,PD,0.25
0.5198372329603256,0.49356084996780425,0.5490687679083095,0.8604,0.0,5.0,pd_v0.25,PD,0.25
0.4361532322426177,0.35189954925949773,0.5734522560335782,0.9047,0.0,10.0,pd_v0.25,PD,0.25
0.36915077989601386,0.27430779137153893,0.5642384105960265,0.9245,0.0,25.0,pd_v0.25,PD,0.25
0.2643239113827349,0.16709594333547972,0.6321559074299634,0.95895,0.0,50.0,pd_v0.25,PD,0.25
0.19255172413793104,0.11236316806181584,0.6724470134874759,0.97405,0.0,75.0,pd_v0.25,PD,0.25
0.18762142658895364,0.10882163554410818,0.6800804828973843,0.97515,0.0,100.0,pd_v0.25,PD,0.25
0.4632609179209609,0.7520462205103514,0.3347262402228651,0.2443995956396408,0.607317520666954,0.0,pd_v0.5,PD,0.5
0.49306930693069306,0.8391911410688493,0.34908872421389947,0.18289145119657962,0.6776262428236083,1.0,pd_v0.5,PD,0.5
0.45834719911259014,0.994703899855561,0.29778034015566446,0.09457128816047256,1.3480113915115044,5.0,pd_v0.5,PD,0.5
0.49073634204275535,0.994703899855561,0.3257133848336749,0.2544437689560112,1.9320075132546028,10.0,pd_v0.5,PD,0.5
0.46324836988737406,0.7525276841598459,0.3346178548490687,0.24520303537125437,0.6059270140677375,25.0,pd_v0.5,PD,0.5
0.4591939265379033,0.9901299951853635,0.29890988372093025,0.6409658359022549,9.165570779219708,50.0,pd_v0.5,PD,0.5
0.4591939265379033,0.9901299951853635,0.29890988372093025,0.6409658359022549,9.165570779219708,75.0,pd_v0.5,PD,0.5
0.4643895763243428,0.980259990370727,0.3042666068893372,0.5752576877542985,5.743077978020851,100.0,pd_v0.5,PD,0.5
0.7862993298585257,0.9348809758016919,0.6784694460308395,0.6900191069282605,0.17915921580654437,0.0,pd_v0.5,PD,0.5
0.8007952286282306,0.9905567578201849,0.6720501868659904,0.6415469957973106,0.20088296468738934,1.0,pd_v0.5,PD,0.5
0.5680340730777852,0.9970489868188078,0.3971475589687329,0.2866359001999287,0.35035481829687215,5.0,pd_v0.5,PD,0.5
0.5787700565294353,0.9970489868188078,0.4077232502011263,0.2272912122712391,0.48501776536915775,10.0,pd_v0.5,PD,0.5
0.7862993298585257,0.9348809758016919,0.6784694460308395,0.6905189317459097,0.17869967748199198,25.0,pd_v0.5,PD,0.5
0.44364887483726984,0.9386189258312021,0.2904718417047184,0.3082254083471919,4.2961666174246265,50.0,pd_v0.5,PD,0.5
0.44364887483726984,0.9386189258312021,0.2904718417047184,0.3082254083471919,4.2961666174246265,75.0,pd_v0.5,PD,0.5
0.48437577624323114,0.959079283887468,0.32400638043333774,0.178930112232289,1.9026986729041107,100.0,pd_v0.5,PD,0.5
0.9027341999103541,0.9439445069366329,0.8649716543549218,0.8143632559627427,0.16055089563658406,0.0,pd_v0.5,PD,0.5
0.903209154263099,0.9840644919385076,0.8346318969629511,0.7787684602232043,0.16736064369304685,1.0,pd_v0.5,PD,0.5
0.6168722135371432,0.9986876640419947,0.4462595291949401,0.3648825064375272,0.29852925817741,5.0,pd_v0.5,PD,0.5
0.6238542960203418,0.98893888263967,0.4556448129912758,0.3151816804023989,0.3964681733689935,10.0,pd_v0.5,PD,0.5
0.9024106102697375,0.9439445069366329,0.8643776824034335,0.8142983493665019,0.16042669997015285,25.0,pd_v0.5,PD,0.5
0.4279302207209292,0.8668916385451818,0.28408183326165753,0.23273510934122055,3.0870885778942725,50.0,pd_v0.5,PD,0.5
0.4279302207209292,0.8668916385451818,0.28408183326165753,0.23273510934122055,3.0870885778942725,75.0,pd_v0.5,PD,0.5
0.44574315288990146,0.843644544431946,0.30288752776469,0.13533068923873884,1.6331276666658079,100.0,pd_v0.5,PD,0.5
0.9858911603800748,0.9990274265707061,0.9730958696475938,0.8986659529243541,0.1012068293586407,0.0,pd_v0.5,PD,0.5
0.9785612196283945,0.9988329118848474,0.9590960029884199,0.8906349051337603,0.10371973438216409,1.0,pd_v0.5,PD,0.5
0.6186374314800314,0.9988329118848474,0.4480802792321117,0.4609159773386815,0.18027152173749897,5.0,pd_v0.5,PD,0.5
0.620082564351627,0.9933865006808014,0.4507104403847851,0.44135111902014756,0.2160538891571735,10.0,pd_v0.5,PD,0.5
0.9860804454257464,0.9990274265707061,0.9734647460197119,0.8983252374217987,0.10154759309385497,25.0,pd_v0.5,PD,0.5
0.412433730572296,0.8852363353433185,0.2688445179584121,0.09846943265925677,1.789655552483143,50.0,pd_v0.5,PD,0.5
0.412433730572296,0.8852363353433185,0.2688445179584121,0.09846943265925677,1.789655552483143,75.0,pd_v0.5,PD,0.5
0.4403353057199211,0.8685080723594631,0.2949336151661272,0.010779317387462017,0.9562196738474165,100.0,pd_v0.5,PD,0.5
0.4307190994593794,0.6585144927536232,0.32001760757125564,0.7546999613551854,0.21020575570927397,0.0,pd_v0.5,PD,0.5
0.4809709936227114,0.7941576086956522,0.3449395101799941,0.6234016925515996,0.24914035528025763,1.0,pd_v0.5,PD,0.5
0.4611921097770154,0.9741847826086957,0.3021067415730337,0.19153529550497947,0.511429928802625,5.0,pd_v0.5,PD,0.5
0.4895264116575592,0.9737318840579711,0.3269464720194647,0.09218480384172395,0.7651164102895059,10.0,pd_v0.5,PD,0.5
0.4307190994593794,0.6585144927536232,0.32001760757125564,0.7549014620700444,0.21008535742853918,25.0,pd_v0.5,PD,0.5
0.4379163481489571,0.9080615942028986,0.2885307238451576,0.3725141096089938,4.624772544725641,50.0,pd_v0.5,PD,0.5
0.4379163481489571,0.9080615942028986,0.2885307238451576,0.3725141096089938,4.624772544725641,75.0,pd_v0.5,PD,0.5
0.44795164539959703,0.90625,0.29750223015165034,0.29428248471861396,2.756276331073792,100.0,pd_v0.5,PD,0.5
0.5173629167388918,0.8816463174478141,0.36609698258238615,0.540645632743421,0.3312279382343286,0.0,pd_v0.5,PD,0.5
0.5368755414380595,0.9153209925167388,0.37983165808613223,0.48726786020186236,0.3643466279176873,1.0,pd_v0.5,PD,0.5
0.5224434341850864,0.9844426939740055,0.35557294259904687,0.14749363142278704,0.6416522320842781,5.0,pd_v0.5,PD,0.5
0.5907586858898606,0.9844426939740055,0.4219989869998312,0.005301787213321807,0.9871258775711295,10.0,pd_v0.5,PD,0.5
0.5175859081721051,0.8824340291453328,0.36618452235024923,0.5400079104311404,0.3312762350869359,25.0,pd_v0.5,PD,0.5
0.6250730377199247,0.9480110279637652,0.46624697336561743,0.49004873065362387,5.749539541345751,50.0,pd_v0.5,PD,0.5
0.6250730377199247,0.9480110279637652,0.46624697336561743,0.49004873065362387,5.749539541345751,75.0,pd_v0.5,PD,0.5
0.6230227903673575,0.9501772351319417,0.46345211795216595,0.3822018411868552,3.0927424343417513,100.0,pd_v0.5,PD,0.5
0.5031167459059693,0.9399921042242401,0.3434795152914022,0.6093239175543852,0.2875761924144571,0.0,pd_v0.5,PD,0.5
0.5240156233505753,0.9798657718120806,0.35763688760806917,0.4967279837158392,0.3404482822602853,1.0,pd_v0.5,PD,0.5
0.5106726547913407,0.9988156336360048,0.343027591349739,0.18963475485961265,0.5621958318443394,5.0,pd_v0.5,PD,0.5
0.5686075378018506,0.9946703513620213,0.39808816558698057,0.07393265090659373,0.8295109655190904,10.0,pd_v0.5,PD,0.5
0.5030104573782613,0.9399921042242401,0.34338044418805885,0.6095461027457422,0.2873164126561784,25.0,pd_v0.5,PD,0.5
0.6098937147355991,0.9174891433083301,0.45676100628930816,0.3849168742838192,3.6597889202241767,50.0,pd_v0.5,PD,0.5
0.6098937147355991,0.9174891433083301,0.45676100628930816,0.3849168742838192,3.6597889202241767,75.0,pd_v0.5,PD,0.5
0.5931141399134423,0.9062376628503751,0.4408065290446471,0.2709514752604383,2.1512555236065856,100.0,pd_v0.5,PD,0.5
0.4642553191489362,0.9983985358041638,0.3024464619862776,0.7422325102880658,0.25776748971193414,0.0,pd_v0.5,PD,0.5
0.4686426116838488,0.9983985358041638,0.30618115484459413,0.7295047031158142,0.26788058468663806,1.0,pd_v0.5,PD,0.5
0.45648535564853554,0.9983985358041638,0.29588446674350805,0.24612727807172252,0.5094972394300191,5.0,pd_v0.5,PD,0.5
0.5177877428998505,0.9906199954243881,0.3504937672009066,0.12292768959435624,0.7550195509863363,10.0,pd_v0.5,PD,0.5
0.4640578477243726,0.9983985358041638,0.30227886680058186,0.7426440329218107,0.2573559670781893,25.0,pd_v0.5,PD,0.5
0.5720044792833147,0.876458476321208,0.4245345744680851,0.5572604350382129,79.0164609053498,50.0,pd_v0.5,PD,0.5
0.5720044792833147,0.876458476321208,0.4245345744680851,0.5572604350382129,79.0164609053498,75.0,pd_v0.5,PD,0.5
0.5507894167687982,0.8739418897277511,0.40210526315789474,0.3894767783656672,3.6598414132289467,100.0,pd_v0.5,PD,0.5
0.3479834832286894,0.9903412749517064,0.21107527619570438,0.27135,0.0,0.0,pd_v0.5,PD,0.5
0.35224735184655026,0.9903412749517064,0.21422104603384637,0.28205,0.0,1.0,pd_v0.5,PD,0.5
0.34713914908023924,0.9903412749517064,0.21045429666119322,0.2692,0.0,5.0,pd_v0.5,PD,0.5
0.40642495334577444,0.9816484224082421,0.2562615565641284,0.4051,0.0,10.0,pd_v0.5,PD,0.5
0.34782608695652173,0.9903412749517064,0.21095946780056238,0.27095,0.0,25.0,pd_v0.5,PD,0.5
0.4641956142053173,0.7701223438506117,0.3322222222222222,0.64,0.0,50.0,pd_v0.5,PD,0.5
0.4641956142053173,0.7701223438506117,0.3322222222222222,0.64,0.0,75.0,pd_v0.5,PD,0.5
0.43611266554747247,0.7527366387636832,0.3069852941176471,0.6192,0.0,100.0,pd_v0.5,PD,0.5
0.4874536005939124,0.7903225806451613,0.35240446543580933,0.18593158095253892,0.6911101371709683,0.0,pd_v0.75,PD,0.75
0.5226191375273771,0.8329321136254213,0.3807637284032134,0.09318499676426212,0.839224582865948,1.0,pd_v0.75,PD,0.75
0.5631496511462338,0.9520943668753009,0.3998180347755762,0.12104721059620699,1.2624031092106012,5.0,pd_v0.75,PD,0.75
0.44618689581095594,1.0,0.2871560901424029,0.1828620020311288,1.8704258681481736,10.0,pd_v0.75,PD,0.75
0.5466701972726069,0.9939817043813192,0.377008765522279,0.3900964270173898,2.257208104714599,25.0,pd_v0.75,PD,0.75
0.5529680049754682,0.9631680308136735,0.38780653290685274,0.5757016274463804,3.097870590814927,50.0,pd_v0.75,PD,0.75
0.5422638607285185,0.9335580163697641,0.38210661148881664,0.6773482287384905,3.755777721657974,75.0,pd_v0.75,PD,0.75
0.53503800967519,0.9318728935965335,0.37524234199302053,0.6980399594085139,4.036223073527146,100.0,pd_v0.75,PD,0.75
0.7959714100064977,0.963997639189455,0.6778254253700373,0.6689705466855185,0.1877026821086969,0.0,pd_v0.75,PD,0.75
0.8174054493696624,0.9885894156993901,0.6967554076539102,0.6106663190884885,0.2444864496886413,1.0,pd_v0.75,PD,0.75
0.7445944948712272,0.9925240999409798,0.5957723193197921,0.45488421876737484,0.3523841620244863,5.0,pd_v0.75,PD,0.75
0.5277517442465897,0.9970489868188078,0.35884727040996955,0.19050431811780372,0.4502578821606498,10.0,pd_v0.75,PD,0.75
0.6068879925535215,0.9620302970686603,0.4432559825960841,0.12823015693287199,0.7349861247447901,25.0,pd_v0.75,PD,0.75
0.5594683560027327,0.8860908912059807,0.4087856235251407,0.1282120382832322,1.3099582258847262,50.0,pd_v0.75,PD,0.75
0.5288943188759927,0.8516624040920716,0.3835385842119252,0.2340229403846819,1.6309070103271777,75.0,pd_v0.75,PD,0.75
0.5155865217130158,0.8443832382451308,0.3710876707591216,0.26580116501417717,1.7633737706610022,100.0,pd_v0.75,PD,0.75
0.905615576397958,0.9414959269316219,0.8723696248856359,0.7976532136847196,0.20196234866065405,0.0,pd_v0.75,PD,0.75
0.9048867699642431,0.9370525796099728,0.8748559575939157,0.7818041840900568,0.21571304114514211,1.0,pd_v0.75,PD,0.75
0.7742650020136931,0.9491483584300173,0.6538003740860397,0.610001097394705,0.30106245495643763,5.0,pd_v0.75,PD,0.75
0.4848740001202863,0.99506294742039,0.3205311704834606,0.23986216994306497,0.4508528137005393,10.0,pd_v0.75,PD,0.75
0.5336931502500198,0.8299185386324365,0.3933083762283575,0.2742038166106852,0.5765721934994829,25.0,pd_v0.75,PD,0.75
0.3768777034998034,0.5914588990372748,0.2765466297322253,0.023448031779624512,1.041842484316557,50.0,pd_v0.75,PD,0.75
0.29680023923444976,0.4900024685262898,0.21286863270777479,0.18394888418262884,1.380492702641677,75.0,pd_v0.75,PD,0.75
0.27542832357406205,0.47025425820784994,0.19474545082805153,0.238803934650139,1.535916598363115,100.0,pd_v0.75,PD,0.75
0.9879541293244676,0.9970822797121183,0.9789915966386554,0.8910286690514341,0.10871902210839847,0.0,pd_v0.75,PD,0.75
0.9899244332493703,0.993775530052519,0.9861030689056167,0.8816589927311616,0.11809135160050178,1.0,pd_v0.75,PD,0.75
0.8796940194714882,0.9842443104454386,0.7952223793807952,0.7808870177266102,0.14286230401017622,5.0,pd_v0.75,PD,0.75
0.5642381188391431,0.996498735654542,0.3935320325702873,0.34100895674263443,0.24082928016804409,10.0,pd_v0.75,PD,0.75
0.6414286669787974,0.9326979186928613,0.4887869520897044,0.46966293760421296,0.2744793584401957,25.0,pd_v0.75,PD,0.75
0.5086246175877107,0.7599688776502626,0.38221483075719037,0.22517677781515277,0.5942683154134011,50.0,pd_v0.75,PD,0.75
0.4111717495987159,0.6228360241198211,0.30688134943454093,0.039453794227609085,0.919462277891344,75.0,pd_v0.75,PD,0.75
0.3903907671078216,0.6053297023925306,0.2880947972597667,0.008291708412152432,1.0181252846323814,100.0,pd_v0.75,PD,0.75
0.4545253700567052,0.698822463768116,0.33678926115900903,0.7070894933487184,0.23632663111971167,0.0,pd_v0.75,PD,0.75
0.49177910491779103,0.7552083333333334,0.3646004154367552,0.6030527398601289,0.30699372605936387,1.0,pd_v0.75,PD,0.75
0.5498088146508352,0.9279891304347826,0.3906205318844724,0.28629490570627963,0.5462486464114004,5.0,pd_v0.75,PD,0.75
0.44245707277187246,0.9802989130434783,0.28570485744456176,0.07278028500079756,0.7418503633337394,10.0,pd_v0.75,PD,0.75
0.5062588721125306,0.8883605072463768,0.3539974733802563,0.007493469034392797,1.0169600759393727,25.0,pd_v0.75,PD,0.75
0.48539016844276384,0.7993659420289855,0.3485042945996643,0.22176490627481382,1.594387195257546,50.0,pd_v0.75,PD,0.75
0.45505376344086024,0.71875,0.3329137822529893,0.3454512336987055,2.029145067592133,75.0,pd_v0.75,PD,0.75
0.44472879789578446,0.7083333333333334,0.3241114910371982,0.3888844206105369,2.269920282744273,100.0,pd_v0.75,PD,0.75
0.5428319105092729,0.9078377313903111,0.38716721256403797,0.4815840390509235,0.3815126511987565,0.0,pd_v0.75,PD,0.75
0.5775765843978667,0.9170933438361559,0.4215242577842143,0.4127336038388762,0.4626766486153558,1.0,pd_v0.75,PD,0.75
0.6489312421414863,0.9655376132335565,0.48868733180504337,0.20213336096950396,0.6915533275916176,5.0,pd_v0.75,PD,0.75
0.525266235122155,0.9907443875541552,0.3573661031396505,0.035455493046267605,0.8904459592456959,10.0,pd_v0.75,PD,0.75
0.6921483174966064,0.9539188656951556,0.5431102141495683,0.06613988482725819,1.1315730211078314,25.0,pd_v0.75,PD,0.75
0.7196576976878137,0.8611658133123277,0.6180918727915194,0.32204429195877354,1.8129344047863278,50.0,pd_v0.75,PD,0.75
0.7039643652561247,0.778062229224104,0.6427525622254758,0.4345319600093237,2.223370382685355,75.0,pd_v0.75,PD,0.75
0.6953424169560958,0.7688066167782591,0.6346935457649163,0.47202823362216817,2.4485042224064886,100.0,pd_v0.75,PD,0.75
0.5210653753026634,0.9557836557441769,0.35816258599008804,0.532861810073328,0.3369937478402267,0.0,pd_v0.75,PD,0.75
0.5553492036693117,0.9739439399921043,0.38841218609777217,0.4291248014609261,0.42869184765502044,1.0,pd_v0.75,PD,0.75
0.6052758371476753,0.9919068298460324,0.43551742069682786,0.2492597976006391,0.6150256644946046,5.0,pd_v0.75,PD,0.75
0.515439792440352,1.0,0.347200328969913,0.08283900048817883,0.7598991524312146,10.0,pd_v0.75,PD,0.75
0.6395925656458761,0.9544018949861824,0.48095095991246395,0.009016440841899398,1.018429715825254,25.0,pd_v0.75,PD,0.75
0.6381037712796286,0.7731938412949072,0.5431978921092775,0.22862803342379562,1.5272173010939027,50.0,pd_v0.75,PD,0.75
0.6131120634631166,0.6636399526253455,0.5697339433994238,0.37315605135748947,2.0111161934340656,75.0,pd_v0.75,PD,0.75
0.6046382703501801,0.6458744571654165,0.5683515719993052,0.40118142552939556,2.1428806088191195,100.0,pd_v0.75,PD,0.75
0.47636720881999783,0.9983985358041638,0.31280911762597663,0.7176440329218108,0.2823559670781893,0.0,pd_v0.75,PD,0.75
0.5045441389290882,0.9970258522077328,0.33772473651580903,0.6637860082304528,0.3362139917695473,1.0,pd_v0.75,PD,0.75
0.54784,0.9791809654541295,0.3803092233872401,0.4870517342739565,0.465198095699185,5.0,pd_v0.75,PD,0.75
0.4629993103814121,0.9983985358041638,0.3013812154696133,0.10001469723691947,0.7320180361116033,10.0,pd_v0.75,PD,0.75
0.5983082015446856,0.9304506977808282,0.4409150043365134,0.09235743680188124,0.8530677141788253,25.0,pd_v0.75,PD,0.75
0.6078301260783012,0.7334706016929764,0.5189381676918097,0.22232510288065843,1.4680528481698072,50.0,pd_v0.75,PD,0.75
0.5866459971210276,0.6060398078242965,0.5684549356223176,0.3463403880070547,1.8047743455765586,75.0,pd_v0.75,PD,0.75
0.5752803897133794,0.5808739418897277,0.5697935368043088,0.3788800705467372,1.926518949808615,100.0,pd_v0.75,PD,0.75
0.3589325253466962,0.9916291049581455,0.21912350597609562,0.2972,0.0,0.0,pd_v0.75,PD,0.75
0.38543113243277366,0.9829362524146813,0.23971419597989949,0.3632,0.0,1.0,pd_v0.75,PD,0.75
0.43219420562098115,0.9629748873148745,0.2786213320912902,0.46325,0.0,5.0,pd_v0.75,PD,0.75
0.35578144853875476,0.9916291049581455,0.21677927927927929,0.2896,0.0,10.0,pd_v0.75,PD,0.75
0.46759133351464055,0.8303283966516419,0.32542586750788643,0.60375,0.0,25.0,pd_v0.75,PD,0.75
0.49209187181955716,0.5759819703799098,0.42953181272509006,0.79175,0.0,50.0,pd_v0.75,PD,0.75
0.45202855650356955,0.4179008370895042,0.49222601441031477,0.86815,0.0,75.0,pd_v0.75,PD,0.75
0.4524275297883692,0.4095299420476497,0.5053635280095352,0.87415,0.0,100.0,pd_v0.75,PD,0.75
0.6643168848606915,0.9528165623495426,0.509920123679464,0.3669695483106867,1.7673767824378406,0.0,pd_v1,PD,1.0
0.6643168848606915,0.9528165623495426,0.509920123679464,0.3669695483106867,1.7673767824378406,1.0,pd_v1,PD,1.0
0.6643168848606915,0.9528165623495426,0.509920123679464,0.3669695483106867,1.7673767824378406,5.0,pd_v1,PD,1.0
0.6643168848606915,0.9528165623495426,0.509920123679464,0.3669695483106867,1.7673767824378406,10.0,pd_v1,PD,1.0
0.6643168848606915,0.9528165623495426,0.509920123679464,0.3669695483106867,1.7673767824378406,25.0,pd_v1,PD,1.0
0.6643168848606915,0.9528165623495426,0.509920123679464,0.3669695483106867,1.7673767824378406,50.0,pd_v1,PD,1.0
0.6643168848606915,0.9528165623495426,0.509920123679464,0.3669695483106867,1.7673767824378406,75.0,pd_v1,PD,1.0
0.6643168848606915,0.9528165623495426,0.509920123679464,0.3669695483106867,1.7673767824378406,100.0,pd_v1,PD,1.0
0.8087081258965488,0.9427503442848711,0.7080378250591016,0.2517391685681565,0.6557264621916205,0.0,pd_v1,PD,1.0
0.8087081258965488,0.9427503442848711,0.7080378250591016,0.2517391685681565,0.6557264621916205,1.0,pd_v1,PD,1.0
0.8087081258965488,0.9427503442848711,0.7080378250591016,0.2517391685681565,0.6557264621916205,5.0,pd_v1,PD,1.0
0.8087081258965488,0.9427503442848711,0.7080378250591016,0.2517391685681565,0.6557264621916205,10.0,pd_v1,PD,1.0
0.8087081258965488,0.9427503442848711,0.7080378250591016,0.2517391685681565,0.6557264621916205,25.0,pd_v1,PD,1.0
0.8087081258965488,0.9427503442848711,0.7080378250591016,0.2517391685681565,0.6557264621916205,50.0,pd_v1,PD,1.0
0.8087081258965488,0.9427503442848711,0.7080378250591016,0.2517391685681565,0.6557264621916205,75.0,pd_v1,PD,1.0
0.8087081258965488,0.9427503442848711,0.7080378250591016,0.2517391685681565,0.6557264621916205,100.0,pd_v1,PD,1.0
0.665251591959046,0.6576154036040484,0.6730672056594239,0.37993812989068754,0.5806395012957402,0.0,pd_v1,PD,1.0
0.665251591959046,0.6576154036040484,0.6730672056594239,0.37993812989068754,0.5806395012957402,1.0,pd_v1,PD,1.0
0.665251591959046,0.6576154036040484,0.6730672056594239,0.37993812989068754,0.5806395012957402,5.0,pd_v1,PD,1.0
0.665251591959046,0.6576154036040484,0.6730672056594239,0.37993812989068754,0.5806395012957402,10.0,pd_v1,PD,1.0
0.665251591959046,0.6576154036040484,0.6730672056594239,0.37993812989068754,0.5806395012957402,25.0,pd_v1,PD,1.0
0.665251591959046,0.6576154036040484,0.6730672056594239,0.37993812989068754,0.5806395012957402,50.0,pd_v1,PD,1.0
0.665251591959046,0.6576154036040484,0.6730672056594239,0.37993812989068754,0.5806395012957402,75.0,pd_v1,PD,1.0
0.665251591959046,0.6576154036040484,0.6730672056594239,0.37993812989068754,0.5806395012957402,100.0,pd_v1,PD,1.0
0.8081727337615988,0.8490813648293963,0.7710248552945183,0.4946507371006977,0.4281061259254465,0.0,pd_v1,PD,1.0
0.8081727337615988,0.8490813648293963,0.7710248552945183,0.4946507371006977,0.4281061259254465,1.0,pd_v1,PD,1.0
0.8081727337615988,0.8490813648293963,0.7710248552945183,0.4946507371006977,0.4281061259254465,5.0,pd_v1,PD,1.0
0.8081727337615988,0.8490813648293963,0.7710248552945183,0.4946507371006977,0.4281061259254465,10.0,pd_v1,PD,1.0
0.8081727337615988,0.8490813648293963,0.7710248552945183,0.4946507371006977,0.4281061259254465,25.0,pd_v1,PD,1.0
0.8081727337615988,0.8490813648293963,0.7710248552945183,0.4946507371006977,0.4281061259254465,50.0,pd_v1,PD,1.0
0.8081727337615988,0.8490813648293963,0.7710248552945183,0.4946507371006977,0.4281061259254465,75.0,pd_v1,PD,1.0
0.8081727337615988,0.8490813648293963,0.7710248552945183,0.4946507371006977,0.4281061259254465,100.0,pd_v1,PD,1.0
0.5750644329896907,0.8084239130434783,0.44625,0.07854497865205723,0.8777817660177373,0.0,pd_v1,PD,1.0
0.5750644329896907,0.8084239130434783,0.44625,0.07854497865205723,0.8777817660177373,1.0,pd_v1,PD,1.0
0.5750644329896907,0.8084239130434783,0.44625,0.07854497865205723,0.8777817660177373,5.0,pd_v1,PD,1.0
0.5750644329896907,0.8084239130434783,0.44625,0.07854497865205723,0.8777817660177373,10.0,pd_v1,PD,1.0
0.5750644329896907,0.8084239130434783,0.44625,0.07854497865205723,0.8777817660177373,25.0,pd_v1,PD,1.0
0.5750644329896907,0.8084239130434783,0.44625,0.07854497865205723,0.8777817660177373,50.0,pd_v1,PD,1.0
0.5750644329896907,0.8084239130434783,0.44625,0.07854497865205723,0.8777817660177373,75.0,pd_v1,PD,1.0
0.5750644329896907,0.8084239130434783,0.44625,0.07854497865205723,0.8777817660177373,100.0,pd_v1,PD,1.0
0.8204446806625919,0.9119732178022844,0.7456126227660602,0.026359246546996506,1.0394021791809904,0.0,pd_v1,PD,1.0
0.8204446806625919,0.9119732178022844,0.7456126227660602,0.026359246546996506,1.0394021791809904,1.0,pd_v1,PD,1.0
0.8204446806625919,0.9119732178022844,0.7456126227660602,0.026359246546996506,1.0394021791809904,5.0,pd_v1,PD,1.0
0.8204446806625919,0.9119732178022844,0.7456126227660602,0.026359246546996506,1.0394021791809904,10.0,pd_v1,PD,1.0
0.8204446806625919,0.9119732178022844,0.7456126227660602,0.026359246546996506,1.0394021791809904,25.0,pd_v1,PD,1.0
0.8204446806625919,0.9119732178022844,0.7456126227660602,0.026359246546996506,1.0394021791809904,50.0,pd_v1,PD,1.0
0.8204446806625919,0.9119732178022844,0.7456126227660602,0.026359246546996506,1.0394021791809904,75.0,pd_v1,PD,1.0
0.8204446806625919,0.9119732178022844,0.7456126227660602,0.026359246546996506,1.0394021791809904,100.0,pd_v1,PD,1.0
0.7350087482105933,0.9121594946703514,0.6154768247202983,0.06768682157269124,0.9012632705035322,0.0,pd_v1,PD,1.0
0.7350087482105933,0.9121594946703514,0.6154768247202983,0.06768682157269124,0.9012632705035322,1.0,pd_v1,PD,1.0
0.7350087482105933,0.9121594946703514,0.6154768247202983,0.06768682157269124,0.9012632705035322,5.0,pd_v1,PD,1.0
0.7350087482105933,0.9121594946703514,0.6154768247202983,0.06768682157269124,0.9012632705035322,10.0,pd_v1,PD,1.0
0.7350087482105933,0.9121594946703514,0.6154768247202983,0.06768682157269124,0.9012632705035322,25.0,pd_v1,PD,1.0
0.7350087482105933,0.9121594946703514,0.6154768247202983,0.06768682157269124,0.9012632705035322,50.0,pd_v1,PD,1.0
0.7350087482105933,0.9121594946703514,0.6154768247202983,0.06768682157269124,0.9012632705035322,75.0,pd_v1,PD,1.0
0.7350087482105933,0.9121594946703514,0.6154768247202983,0.06768682157269124,0.9012632705035322,100.0,pd_v1,PD,1.0
0.7095242443612455,0.8888126286890872,0.5904255319148937,0.2833627278071722,0.7005978725056293,0.0,pd_v1,PD,1.0
0.7095242443612455,0.8888126286890872,0.5904255319148937,0.2833627278071722,0.7005978725056293,1.0,pd_v1,PD,1.0
0.7095242443612455,0.8888126286890872,0.5904255319148937,0.2833627278071722,0.7005978725056293,5.0,pd_v1,PD,1.0
0.7095242443612455,0.8888126286890872,0.5904255319148937,0.2833627278071722,0.7005978725056293,10.0,pd_v1,PD,1.0
0.7095242443612455,0.8888126286890872,0.5904255319148937,0.2833627278071722,0.7005978725056293,25.0,pd_v1,PD,1.0
0.7095242443612455,0.8888126286890872,0.5904255319148937,0.2833627278071722,0.7005978725056293,50.0,pd_v1,PD,1.0
0.7095242443612455,0.8888126286890872,0.5904255319148937,0.2833627278071722,0.7005978725056293,75.0,pd_v1,PD,1.0
0.7095242443612455,0.8888126286890872,0.5904255319148937,0.2833627278071722,0.7005978725056293,100.0,pd_v1,PD,1.0
0.581056466302368,0.7189311010946555,0.48755458515283845,0.771,0.0,0.0,pd_v1,PD,1.0
0.581056466302368,0.7189311010946555,0.48755458515283845,0.771,0.0,1.0,pd_v1,PD,1.0
0.581056466302368,0.7189311010946555,0.48755458515283845,0.771,0.0,5.0,pd_v1,PD,1.0
0.581056466302368,0.7189311010946555,0.48755458515283845,0.771,0.0,10.0,pd_v1,PD,1.0
0.581056466302368,0.7189311010946555,0.48755458515283845,0.771,0.0,25.0,pd_v1,PD,1.0
0.581056466302368,0.7189311010946555,0.48755458515283845,0.771,0.0,50.0,pd_v1,PD,1.0
0.581056466302368,0.7189311010946555,0.48755458515283845,0.771,0.0,75.0,pd_v1,PD,1.0
0.581056466302368,0.7189311010946555,0.48755458515283845,0.771,0.0,100.0,pd_v1,PD,1.0
0.5895971842002347,0.9073182474723158,0.4366817286525316,0.21207572529041213,1.431758330078831,0.0,gs_v0,GS,0.0
0.5899381895000391,0.9075589792970631,0.4370001159151501,0.2121929174238923,1.4318586124743664,1.0,gs_v0,GS,0.0
0.5899381895000391,0.9075589792970631,0.4370001159151501,0.2121929174238923,1.4318586124743664,5.0,gs_v0,GS,0.0
0.5899381895000391,0.9075589792970631,0.4370001159151501,0.2121929174238923,1.4318586124743664,10.0,gs_v0,GS,0.0
0.5899381895000391,0.9075589792970631,0.4370001159151501,0.2121929174238923,1.4318586124743664,25.0,gs_v0,GS,0.0
0.5899381895000391,0.9075589792970631,0.4370001159151501,0.2121929174238923,1.4318586124743664,50.0,gs_v0,GS,0.0
0.5899381895000391,0.9075589792970631,0.4370001159151501,0.2121929174238923,1.4318586124743664,75.0,gs_v0,GS,0.0
0.5899381895000391,0.9075589792970631,0.4370001159151501,0.2121929174238923,1.4318586124743664,100.0,gs_v0,GS,0.0
0.7860721442885772,0.9260279362581153,0.6828666763383142,0.35206181923313157,0.5322759652479864,0.0,gs_v0,GS,0.0
0.7861377870563674,0.9260279362581153,0.682965757399884,0.3511312828744936,0.5333836763490956,1.0,gs_v0,GS,0.0
0.7861377870563674,0.9260279362581153,0.682965757399884,0.3511312828744936,0.5333836763490956,5.0,gs_v0,GS,0.0
0.7861377870563674,0.9260279362581153,0.682965757399884,0.3511312828744936,0.5333836763490956,10.0,gs_v0,GS,0.0
0.7861377870563674,0.9260279362581153,0.682965757399884,0.3511312828744936,0.5333836763490956,25.0,gs_v0,GS,0.0
0.7861377870563674,0.9260279362581153,0.682965757399884,0.3511312828744936,0.5333836763490956,50.0,gs_v0,GS,0.0
0.7861377870563674,0.9260279362581153,0.682965757399884,0.3511312828744936,0.5333836763490956,75.0,gs_v0,GS,0.0
0.7861377870563674,0.9260279362581153,0.682965757399884,0.3511312828744936,0.5333836763490956,100.0,gs_v0,GS,0.0
0.7594189205149403,0.7936312021723031,0.7280344202898551,0.5205596539344847,0.43512416314524704,0.0,gs_v0,GS,0.0
0.7569485511531638,0.7899284127375956,0.7266121707538601,0.5176104670088308,0.4381985587014251,1.0,gs_v0,GS,0.0
0.7569485511531638,0.7899284127375956,0.7266121707538601,0.5176104670088308,0.4381985587014251,5.0,gs_v0,GS,0.0
0.7569485511531638,0.7899284127375956,0.7266121707538601,0.5176104670088308,0.4381985587014251,10.0,gs_v0,GS,0.0
0.7569485511531638,0.7899284127375956,0.7266121707538601,0.5176104670088308,0.4381985587014251,25.0,gs_v0,GS,0.0
0.7569485511531638,0.7899284127375956,0.7266121707538601,0.5176104670088308,0.4381985587014251,50.0,gs_v0,GS,0.0
0.7569485511531638,0.7899284127375956,0.7266121707538601,0.5176104670088308,0.4381985587014251,75.0,gs_v0,GS,0.0
0.7569485511531638,0.7899284127375956,0.7266121707538601,0.5176104670088308,0.4381985587014251,100.0,gs_v0,GS,0.0
0.8044854404051366,0.8338957630296213,0.777078965758211,0.5098227687290301,0.4188730484140781,0.0,gs_v0,GS,0.0
0.8043045758726713,0.8337082864641919,0.7769042627533194,0.5095932545980517,0.41908592406703055,1.0,gs_v0,GS,0.0
0.8043045758726713,0.8337082864641919,0.7769042627533194,0.5095932545980517,0.41908592406703055,5.0,gs_v0,GS,0.0
0.8043045758726713,0.8337082864641919,0.7769042627533194,0.5095932545980517,0.41908592406703055,10.0,gs_v0,GS,0.0
0.8043045758726713,0.8337082864641919,0.7769042627533194,0.5095932545980517,0.41908592406703055,25.0,gs_v0,GS,0.0
0.8043045758726713,0.8337082864641919,0.7769042627533194,0.5095932545980517,0.41908592406703055,50.0,gs_v0,GS,0.0
0.8043045758726713,0.8337082864641919,0.7769042627533194,0.5095932545980517,0.41908592406703055,75.0,gs_v0,GS,0.0
0.8043045758726713,0.8337082864641919,0.7769042627533194,0.5095932545980517,0.41908592406703055,100.0,gs_v0,GS,0.0
0.857838364167478,0.8568371912079362,0.8588418795086762,0.69942852389168,0.2628533570083212,0.0,gs_v0,GS,0.0
0.8574211141410206,0.8562536471503599,0.8585917690657304,0.698846679229496,0.26341163825803543,1.0,gs_v0,GS,0.0
0.8574211141410206,0.8562536471503599,0.8585917690657304,0.698846679229496,0.26341163825803543,5.0,gs_v0,GS,0.0
0.8574211141410206,0.8562536471503599,0.8585917690657304,0.698846679229496,0.26341163825803543,10.0,gs_v0,GS,0.0
0.8574211141410206,0.8562536471503599,0.8585917690657304,0.698846679229496,0.26341163825803543,25.0,gs_v0,GS,0.0
0.8574211141410206,0.8562536471503599,0.8585917690657304,0.698846679229496,0.26341163825803543,50.0,gs_v0,GS,0.0
0.8574211141410206,0.8562536471503599,0.8585917690657304,0.698846679229496,0.26341163825803543,75.0,gs_v0,GS,0.0
0.8574211141410206,0.8562536471503599,0.8585917690657304,0.698846679229496,0.26341163825803543,100.0,gs_v0,GS,0.0
0.7058007857638087,0.9021268215833005,0.5796532962166266,0.11110864542570276,0.8392378796107384,0.0,gs_v0,GS,0.0
0.7066173068024063,0.9021268215833005,0.5807555780933062,0.10985470029702726,0.8410007123656891,1.0,gs_v0,GS,0.0
0.7066173068024063,0.9021268215833005,0.5807555780933062,0.10985470029702726,0.8410007123656891,5.0,gs_v0,GS,0.0
0.7066173068024063,0.9021268215833005,0.5807555780933062,0.10985470029702726,0.8410007123656891,10.0,gs_v0,GS,0.0
0.7066173068024063,0.9021268215833005,0.5807555780933062,0.10985470029702726,0.8410007123656891,25.0,gs_v0,GS,0.0
0.7066173068024063,0.9021268215833005,0.5807555780933062,0.10985470029702726,0.8410007123656891,50.0,gs_v0,GS,0.0
0.7066173068024063,0.9021268215833005,0.5807555780933062,0.10985470029702726,0.8410007123656891,75.0,gs_v0,GS,0.0
0.7066173068024063,0.9021268215833005,0.5807555780933062,0.10985470029702726,0.8410007123656891,100.0,gs_v0,GS,0.0
0.6318570534658973,0.8969601263324122,0.4877106364709671,0.1776271305808904,0.7440682685641861,0.0,gs_v0,GS,0.0
0.6315935977731385,0.8957757599684169,0.4877472055030095,0.17857392098256808,0.7432598126694108,1.0,gs_v0,GS,0.0
0.6315935977731385,0.8957757599684169,0.4877472055030095,0.17857392098256808,0.7432598126694108,5.0,gs_v0,GS,0.0
0.6315935977731385,0.8957757599684169,0.4877472055030095,0.17857392098256808,0.7432598126694108,10.0,gs_v0,GS,0.0
0.6315935977731385,0.8957757599684169,0.4877472055030095,0.17857392098256808,0.7432598126694108,25.0,gs_v0,GS,0.0
0.6315935977731385,0.8957757599684169,0.4877472055030095,0.17857392098256808,0.7432598126694108,50.0,gs_v0,GS,0.0
0.6315935977731385,0.8957757599684169,0.4877472055030095,0.17857392098256808,0.7432598126694108,75.0,gs_v0,GS,0.0
0.6315935977731385,0.8957757599684169,0.4877472055030095,0.17857392098256808,0.7432598126694108,100.0,gs_v0,GS,0.0
0.5783758984554214,0.8652482269503546,0.4343631560813139,0.398287771898883,0.5815362996934813,0.0,gs_v0,GS,0.0
0.5786250191394886,0.864561885152139,0.4348176274306754,0.3956275720164608,0.5835499241931992,1.0,gs_v0,GS,0.0
0.5786250191394886,0.864561885152139,0.4348176274306754,0.3956275720164608,0.5835499241931992,5.0,gs_v0,GS,0.0
0.5786250191394886,0.864561885152139,0.4348176274306754,0.3956275720164608,0.5835499241931992,10.0,gs_v0,GS,0.0
0.5786250191394886,0.864561885152139,0.4348176274306754,0.3956275720164608,0.5835499241931992,25.0,gs_v0,GS,0.0
0.5786250191394886,0.864561885152139,0.4348176274306754,0.3956275720164608,0.5835499241931992,50.0,gs_v0,GS,0.0
0.5786250191394886,0.864561885152139,0.4348176274306754,0.3956275720164608,0.5835499241931992,75.0,gs_v0,GS,0.0
0.5786250191394886,0.864561885152139,0.4348176274306754,0.3956275720164608,0.5835499241931992,100.0,gs_v0,GS,0.0
0.45160060975609756,0.7630392788151964,0.32070365358592695,0.6305,0.0,0.0,gs_v0,GS,0.0
0.45133587786259544,0.7614294913071474,0.32072145375644157,0.6313,0.0,1.0,gs_v0,GS,0.0
0.45133587786259544,0.7614294913071474,0.32072145375644157,0.6313,0.0,5.0,gs_v0,GS,0.0
0.45133587786259544,0.7614294913071474,0.32072145375644157,0.6313,0.0,10.0,gs_v0,GS,0.0
0.45133587786259544,0.7614294913071474,0.32072145375644157,0.6313,0.0,25.0,gs_v0,GS,0.0
0.45133587786259544,0.7614294913071474,0.32072145375644157,0.6313,0.0,50.0,gs_v0,GS,0.0
0.45133587786259544,0.7614294913071474,0.32072145375644157,0.6313,0.0,75.0,gs_v0,GS,0.0
0.45133587786259544,0.7614294913071474,0.32072145375644157,0.6313,0.0,100.0,gs_v0,GS,0.0
0.6754832146490336,0.9590755897929706,0.521329494896624,0.4337448832614787,1.9431558826383513,0.0,gs_v0.25,GS,0.25
0.6779950473913414,0.9557053442465094,0.5253407436813551,0.42705933976611926,1.915312280139319,1.0,gs_v0.25,GS,0.25
0.6796827333740085,0.938613384689456,0.5327230495969395,0.40963523581419237,1.844922515921746,5.0,gs_v0.25,GS,0.25
0.6814041913520205,0.9275397207510833,0.5385045422781272,0.3984632933208991,1.8015921378610618,10.0,gs_v0.25,GS,0.25
0.6750291192545471,0.9068367838228214,0.5376052518909662,0.3850953585135789,1.7560380463467637,25.0,gs_v0.25,GS,0.25
0.6724455920324603,0.8777082330284064,0.5449925261584454,0.37203687743676195,1.7020001275943888,50.0,gs_v0.25,GS,0.25
0.6755382268181047,0.9593163216177178,0.5213239141810571,0.4336862871947386,1.9431897802589646,75.0,gs_v0.25,GS,0.25
0.6676774376954421,0.8480982185844969,0.5505547741834662,0.3584325504648369,1.6523205620684134,100.0,gs_v0.25,GS,0.25
0.7879198037391084,0.9161912256541412,0.6911546452953399,0.17883884422058627,0.7490185027131268,0.0,gs_v0.25,GS,0.25
0.7966478536001368,0.9163879598662207,0.704583270307064,0.18736631794763836,0.7402258284415122,1.0,gs_v0.25,GS,0.25
0.8190073172881953,0.9138304151091875,0.7420127795527156,0.20612700506131354,0.7229492209723971,5.0,gs_v0.25,GS,0.25
0.8428221193135386,0.9130434782608695,0.7826306913996627,0.22243666372982096,0.7092387670515151,10.0,gs_v0.25,GS,0.25
0.8500826749954069,0.9102891992917569,0.7973462002412546,0.2374618600863131,0.6938030787283785,25.0,gs_v0.25,GS,0.25
0.8672163775945408,0.9000590202636238,0.8366861741038771,0.2331244427968553,0.7053051229400927,50.0,gs_v0.25,GS,0.25
0.7883557586527884,0.9163879598662207,0.6917136917136917,0.17936520973605263,0.7484018206814401,75.0,gs_v0.25,GS,0.25
0.8739998071917479,0.8917961833562856,0.8568998109640832,0.23143151114823646,0.7105305554284377,100.0,gs_v0.25,GS,0.25
0.582609789857808,0.5714638360898544,0.5941991786447639,0.27724632172383856,0.6853096156093502,0.0,gs_v0.25,GS,0.25
0.5897206988904476,0.5707232782029129,0.6100263852242744,0.28378606936382655,0.6804575456082321,1.0,gs_v0.25,GS,0.25
0.6057947900053163,0.5625771414465565,0.6562050100777426,0.300064820655241,0.6696786432620222,5.0,gs_v0.25,GS,0.25
0.6202321724709784,0.5539372994322389,0.704552590266876,0.31384450434207034,0.6612838315066382,10.0,gs_v0.25,GS,0.25
0.6328790459965928,0.5502345099975314,0.7447377213498162,0.33158764399247365,0.6476305356987981,25.0,gs_v0.25,GS,0.25
0.6395242451967064,0.5176499629721056,0.8364579178300758,0.34389333821768975,0.6449904733133526,50.0,gs_v0.25,GS,0.25
0.5821064552661381,0.5709701308318934,0.5936858316221766,0.2767429873791807,0.6858318476869629,75.0,gs_v0.25,GS,0.25
0.6350966107063668,0.4949395211058998,0.8859920459566947,0.3496116693739133,0.6441435158537171,100.0,gs_v0.25,GS,0.25
0.7432727272727273,0.7664041994750657,0.7214966466643135,0.4023184874871879,0.5242907771104495,0.0,gs_v0.25,GS,0.25
0.7509874161844402,0.7664041994750657,0.7361786421754006,0.4108653871621087,0.5189575017248872,1.0,gs_v0.25,GS,0.25
0.7672754660139334,0.7639670041244845,0.7706127080181543,0.42715756250668174,0.5104713079531187,5.0,gs_v0.25,GS,0.25
0.7859907120743034,0.7615298087739033,0.8120751699320272,0.4449954466691555,0.5014671280244787,10.0,gs_v0.25,GS,0.25
0.7981183849470795,0.7634045744281964,0.8361396303901437,0.45746550023913074,0.4935110189675796,25.0,gs_v0.25,GS,0.25
0.8019333400463196,0.7465316835395576,0.8662170981074614,0.4614937257033472,0.49736622114753287,50.0,gs_v0.25,GS,0.25
0.743433609015723,0.7667791526059242,0.7214676309754807,0.40278621433470896,0.523737727767506,75.0,gs_v0.25,GS,0.25
0.798968008255934,0.7257217847769029,0.8886593204775023,0.46316658534981003,0.5023660554715287,100.0,gs_v0.25,GS,0.25
0.7829181494661922,0.7916747714452441,0.7743531202435312,0.6156905155461998,0.3292438716524439,0.0,gs_v0.25,GS,0.25
0.7894736842105263,0.7907021980159502,0.7882489819662595,0.6217323683344365,0.32758680715150496,1.0,gs_v0.25,GS,0.25
0.8123052176535639,0.7858393308694807,0.8406158967956721,0.6403037745153002,0.3243097584838542,5.0,gs_v0.25,GS,0.25
0.8322814278323849,0.7823380665240226,0.8890362511052167,0.6559209867969729,0.32121257188800156,10.0,gs_v0.25,GS,0.25
0.8466296257469337,0.7854503014977631,0.9181446111869032,0.6686962508032616,0.3151146691903388,25.0,gs_v0.25,GS,0.25
0.8469343696027634,0.7630811126240031,0.9514916323065729,0.6601874055828635,0.33153364092541304,50.0,gs_v0.25,GS,0.25
0.782842854395076,0.7916747714452441,0.774205820810348,0.6158608732974774,0.32905827758725087,75.0,gs_v0.25,GS,0.25
0.8453221535745807,0.7451857615249952,0.9765485597756819,0.65167554624797,0.34512655796288916,100.0,gs_v0.25,GS,0.25
0.541656050955414,0.7221467391304348,0.43334692213615983,0.014717783488912506,1.0235840736124506,0.0,gs_v0.25,GS,0.25
0.5447251621713896,0.7225996376811594,0.4371232876712329,0.007857520375928573,1.0124577761018323,1.0,gs_v0.25,GS,0.25
0.5516342141863699,0.7185235507246377,0.4476580135440181,0.012523833630491477,0.9808035115111893,5.0,gs_v0.25,GS,0.25
0.560687432867884,0.7092391304347826,0.4635879218472469,0.044023594081404216,0.9358360856401674,10.0,gs_v0.25,GS,0.25
0.5566225765537235,0.6956521739130435,0.4639081848384174,0.06271925355752794,0.9107791032609166,25.0,gs_v0.25,GS,0.25
0.5372564004585403,0.6367753623188406,0.4646397884996695,0.10716940450221712,0.8581681852640849,50.0,gs_v0.25,GS,0.25
0.5421973170317541,0.723052536231884,0.4337136647650095,0.014240115969303413,1.0228146483625329,75.0,gs_v0.25,GS,0.25
0.5267661691542288,0.599411231884058,0.4698260560880369,0.13417789536956493,0.830407604095765,100.0,gs_v0.25,GS,0.25
0.7203226372084868,0.8108961705487564,0.6479495268138801,0.037800966294189386,1.0582473222912778,0.0,gs_v0.25,GS,0.25
0.7212222319782245,0.8106987761547572,0.6495334493120354,0.03485117138575167,1.053413499046313,1.0,gs_v0.25,GS,0.25
0.7201132643128927,0.8031977891827872,0.6526062550120288,0.024162917708785536,1.036253453542032,5.0,gs_v0.25,GS,0.25
0.7176376126327059,0.7939202526648244,0.6547289597916327,0.009802767251471556,1.0143309855059948,10.0,gs_v0.25,GS,0.25
0.716816522745482,0.7947098302408212,0.6528295767796335,0.0076629692080196765,0.9890301437215661,25.0,gs_v0.25,GS,0.25
0.7054426109946212,0.7637189103829451,0.6554294426562765,0.012469156436982876,0.9825867794373043,50.0,gs_v0.25,GS,0.25
0.7209404333713484,0.8110935649427556,0.6488236222959103,0.038189790379064115,1.0588464594035425,75.0,gs_v0.25,GS,0.25
0.6900454587624084,0.7341097512830635,0.6509714685804306,0.035849502743811934,0.9519842676194551,100.0,gs_v0.25,GS,0.25
0.6960197978964735,0.7721345229924502,0.6335648582691946,0.2023736037624927,0.7824775084318697,0.0,gs_v0.25,GS,0.25
0.6964876033057851,0.7712194005948295,0.6349595027312112,0.20695914168136387,0.7788222913328936,1.0,gs_v0.25,GS,0.25
0.6939623817936195,0.7638984214138641,0.6357578065498858,0.2168871252204585,0.7712678152100626,5.0,gs_v0.25,GS,0.25
0.693924500679703,0.7590940288263556,0.639060092449923,0.2487066431510876,0.746771417882529,10.0,gs_v0.25,GS,0.25
0.6958607027421541,0.7634408602150538,0.639272030651341,0.2666813639035861,0.7328415674668904,25.0,gs_v0.25,GS,0.25
0.6853860880663688,0.7371310912834592,0.6404293381037567,0.2569591416813639,0.7425811818576676,50.0,gs_v0.25,GS,0.25
0.696262647119554,0.7714481811942348,0.6344308560677329,0.20175631981187536,0.7831409998183297,75.0,gs_v0.25,GS,0.25
0.6763942931258107,0.7158544955387783,0.6410571604179471,0.2510802469135802,0.7489197530864198,100.0,gs_v0.25,GS,0.25
0.5561112847764926,0.572762395363812,0.5404009720534629,0.8354,0.0,0.0,gs_v0.25,GS,0.25
0.5560945079017369,0.5721184803605924,0.5409436834094369,0.83575,0.0,1.0,gs_v0.25,GS,0.25
0.5562539283469516,0.5698647778493239,0.5432780847145487,0.8371,0.0,5.0,gs_v0.25,GS,0.25
0.5533934504034171,0.5631036703155183,0.5440124416796267,0.83925,0.0,10.0,gs_v0.25,GS,0.25
0.5556603773584906,0.5688989053444945,0.5430239704978488,0.8373,0.0,25.0,gs_v0.25,GS,0.25
0.5397653194263363,0.5331616226658081,0.5465346534653466,0.8485,0.0,50.0,gs_v0.25,GS,0.25
0.5565108644677192,0.5730843528654218,0.5408690367669401,0.83545,0.0,75.0,gs_v0.25,GS,0.25
0.5377092657052875,0.5222150676110754,0.554151007857875,0.85365,0.0,100.0,gs_v0.25,GS,0.25
0.6640076302783318,0.9217621569571497,0.5189050006775986,0.35821967013393885,1.7156513020243398,0.0,gs_v0.5,GS,0.5
0.6640652098508498,0.9217621569571497,0.5189753320683111,0.35835691965356553,1.7159254991319033,1.0,gs_v0.5,GS,0.5
0.6640652098508498,0.9217621569571497,0.5189753320683111,0.35835691965356553,1.7159254991319033,5.0,gs_v0.5,GS,0.5
0.6640652098508498,0.9217621569571497,0.5189753320683111,0.35835691965356553,1.7159254991319033,10.0,gs_v0.5,GS,0.5
0.6640652098508498,0.9217621569571497,0.5189753320683111,0.35835691965356553,1.7159254991319033,25.0,gs_v0.5,GS,0.5
0.6640652098508498,0.9217621569571497,0.5189753320683111,0.35835691965356553,1.7159254991319033,50.0,gs_v0.5,GS,0.5
0.6640652098508498,0.9217621569571497,0.5189753320683111,0.35835691965356553,1.7159254991319033,75.0,gs_v0.5,GS,0.5
0.6640652098508498,0.9217621569571497,0.5189753320683111,0.35835691965356553,1.7159254991319033,100.0,gs_v0.5,GS,0.5
0.8408126410835215,0.9159944914420618,0.7770360480640854,0.26213622453000507,0.6608379654185242,0.0,gs_v0.5,GS,0.5
0.8405273613870327,0.9156010230179028,0.7768319145384743,0.261205688171367,0.6619512430991494,1.0,gs_v0.5,GS,0.5
0.8405273613870327,0.9156010230179028,0.7768319145384743,0.261205688171367,0.6619512430991494,5.0,gs_v0.5,GS,0.5
0.8405273613870327,0.9156010230179028,0.7768319145384743,0.261205688171367,0.6619512430991494,10.0,gs_v0.5,GS,0.5
0.8405273613870327,0.9156010230179028,0.7768319145384743,0.261205688171367,0.6619512430991494,25.0,gs_v0.5,GS,0.5
0.8405273613870327,0.9156010230179028,0.7768319145384743,0.261205688171367,0.6619512430991494,50.0,gs_v0.5,GS,0.5
0.8405273613870327,0.9156010230179028,0.7768319145384743,0.261205688171367,0.6619512430991494,75.0,gs_v0.5,GS,0.5
0.8405273613870327,0.9156010230179028,0.7768319145384743,0.261205688171367,0.6619512430991494,100.0,gs_v0.5,GS,0.5
0.6595831630568042,0.5976302147617872,0.7358662613981763,0.36576035907066806,0.6090287054836047,0.0,gs_v0.5,GS,0.5
0.6596730245231608,0.5976302147617872,0.7360899969595622,0.3658291774589414,0.6089839074912926,1.0,gs_v0.5,GS,0.5
0.6596730245231608,0.5976302147617872,0.7360899969595622,0.3658291774589414,0.6089839074912926,5.0,gs_v0.5,GS,0.5
0.6596730245231608,0.5976302147617872,0.7360899969595622,0.3658291774589414,0.6089839074912926,10.0,gs_v0.5,GS,0.5
0.6596730245231608,0.5976302147617872,0.7360899969595622,0.3658291774589414,0.6089839074912926,25.0,gs_v0.5,GS,0.5
0.6596730245231608,0.5976302147617872,0.7360899969595622,0.3658291774589414,0.6089839074912926,50.0,gs_v0.5,GS,0.5
0.6596730245231608,0.5976302147617872,0.7360899969595622,0.3658291774589414,0.6089839074912926,75.0,gs_v0.5,GS,0.5
0.6596730245231608,0.5976302147617872,0.7360899969595622,0.3658291774589414,0.6089839074912926,100.0,gs_v0.5,GS,0.5
0.8045031815956926,0.7703412073490814,0.8418356894079082,0.4711152334909223,0.48059956486182986,0.0,gs_v0.5,GS,0.5
0.8044627128596594,0.7705286839145107,0.8415233415233415,0.47112393207648634,0.4805056617814184,1.0,gs_v0.5,GS,0.5
0.8044627128596594,0.7705286839145107,0.8415233415233415,0.47112393207648634,0.4805056617814184,5.0,gs_v0.5,GS,0.5
0.8044627128596594,0.7705286839145107,0.8415233415233415,0.47112393207648634,0.4805056617814184,10.0,gs_v0.5,GS,0.5
0.8044627128596594,0.7705286839145107,0.8415233415233415,0.47112393207648634,0.4805056617814184,25.0,gs_v0.5,GS,0.5
0.8044627128596594,0.7705286839145107,0.8415233415233415,0.47112393207648634,0.4805056617814184,50.0,gs_v0.5,GS,0.5
0.8044627128596594,0.7705286839145107,0.8415233415233415,0.47112393207648634,0.4805056617814184,75.0,gs_v0.5,GS,0.5
0.8044627128596594,0.7705286839145107,0.8415233415233415,0.47112393207648634,0.4805056617814184,100.0,gs_v0.5,GS,0.5
0.8614130434782609,0.8015950204240421,0.9308786988931557,0.682076146177319,0.3031786605823499,0.0,gs_v0.5,GS,0.5
0.8614130434782609,0.8015950204240421,0.9308786988931557,0.682076146177319,0.3031786605823499,1.0,gs_v0.5,GS,0.5
0.8614130434782609,0.8015950204240421,0.9308786988931557,0.682076146177319,0.3031786605823499,5.0,gs_v0.5,GS,0.5
0.8614130434782609,0.8015950204240421,0.9308786988931557,0.682076146177319,0.3031786605823499,10.0,gs_v0.5,GS,0.5
0.8614130434782609,0.8015950204240421,0.9308786988931557,0.682076146177319,0.3031786605823499,25.0,gs_v0.5,GS,0.5
0.8614130434782609,0.8015950204240421,0.9308786988931557,0.682076146177319,0.3031786605823499,50.0,gs_v0.5,GS,0.5
0.8614130434782609,0.8015950204240421,0.9308786988931557,0.682076146177319,0.3031786605823499,75.0,gs_v0.5,GS,0.5
0.8614130434782609,0.8015950204240421,0.9308786988931557,0.682076146177319,0.3031786605823499,100.0,gs_v0.5,GS,0.5
0.5672057033559381,0.738677536231884,0.4603443409539938,0.09435051337495759,0.864623014964355,0.0,gs_v0.5,GS,0.5
0.5664840420906165,0.7375452898550725,0.4598334039248906,0.09346984442563033,0.8658234142157134,1.0,gs_v0.5,GS,0.5
0.5664840420906165,0.7375452898550725,0.4598334039248906,0.09346984442563033,0.8658234142157134,5.0,gs_v0.5,GS,0.5
0.5664840420906165,0.7375452898550725,0.4598334039248906,0.09346984442563033,0.8658234142157134,10.0,gs_v0.5,GS,0.5
0.5664840420906165,0.7375452898550725,0.4598334039248906,0.09346984442563033,0.8658234142157134,25.0,gs_v0.5,GS,0.5
0.5664840420906165,0.7375452898550725,0.4598334039248906,0.09346984442563033,0.8658234142157134,50.0,gs_v0.5,GS,0.5
0.5664840420906165,0.7375452898550725,0.4598334039248906,0.09346984442563033,0.8658234142157134,75.0,gs_v0.5,GS,0.5
0.5664840420906165,0.7375452898550725,0.4598334039248906,0.09346984442563033,0.8658234142157134,100.0,gs_v0.5,GS,0.5
0.8136953073980782,0.8588026782197715,0.7730898776812621,0.002074845451479068,0.9971165133818947,0.0,gs_v0.5,GS,0.5
0.8142270351008215,0.8588026782197715,0.7740504082357117,0.0016241629894651055,0.9977428428500995,1.0,gs_v0.5,GS,0.5
0.8142270351008215,0.8588026782197715,0.7740504082357117,0.0016241629894651055,0.9977428428500995,5.0,gs_v0.5,GS,0.5
0.8142270351008215,0.8588026782197715,0.7740504082357117,0.0016241629894651055,0.9977428428500995,10.0,gs_v0.5,GS,0.5
0.8142270351008215,0.8588026782197715,0.7740504082357117,0.0016241629894651055,0.9977428428500995,25.0,gs_v0.5,GS,0.5
0.8142270351008215,0.8588026782197715,0.7740504082357117,0.0016241629894651055,0.9977428428500995,50.0,gs_v0.5,GS,0.5
0.8142270351008215,0.8588026782197715,0.7740504082357117,0.0016241629894651055,0.9977428428500995,75.0,gs_v0.5,GS,0.5
0.8142270351008215,0.8588026782197715,0.7740504082357117,0.0016241629894651055,0.9977428428500995,100.0,gs_v0.5,GS,0.5
0.6651828914263596,0.7863189201555708,0.5763877242998491,0.30306437389770724,0.6958493738661002,0.0,gs_v0.5,GS,0.5
0.6656334753971329,0.7860901395561657,0.5771879724508651,0.30254997060552613,0.6963656208976798,1.0,gs_v0.5,GS,0.5
0.6656334753971329,0.7860901395561657,0.5771879724508651,0.30254997060552613,0.6963656208976798,5.0,gs_v0.5,GS,0.5
0.6656334753971329,0.7860901395561657,0.5771879724508651,0.30254997060552613,0.6963656208976798,10.0,gs_v0.5,GS,0.5
0.6656334753971329,0.7860901395561657,0.5771879724508651,0.30254997060552613,0.6963656208976798,25.0,gs_v0.5,GS,0.5
0.6656334753971329,0.7860901395561657,0.5771879724508651,0.30254997060552613,0.6963656208976798,50.0,gs_v0.5,GS,0.5
0.6656334753971329,0.7860901395561657,0.5771879724508651,0.30254997060552613,0.6963656208976798,75.0,gs_v0.5,GS,0.5
0.6656334753971329,0.7860901395561657,0.5771879724508651,0.30254997060552613,0.6963656208976798,100.0,gs_v0.5,GS,0.5
0.529762730678507,0.6146168705730843,0.4654962204340405,0.79495,0.0,0.0,gs_v0.5,GS,0.5
0.5305725403001668,0.6146168705730843,0.4667481662591687,0.7955,0.0,1.0,gs_v0.5,GS,0.5
0.5305725403001668,0.6146168705730843,0.4667481662591687,0.7955,0.0,5.0,gs_v0.5,GS,0.5
0.5305725403001668,0.6146168705730843,0.4667481662591687,0.7955,0.0,10.0,gs_v0.5,GS,0.5
0.5305725403001668,0.6146168705730843,0.4667481662591687,0.7955,0.0,25.0,gs_v0.5,GS,0.5
0.5305725403001668,0.6146168705730843,0.4667481662591687,0.7955,0.0,50.0,gs_v0.5,GS,0.5
0.5305725403001668,0.6146168705730843,0.4667481662591687,0.7955,0.0,75.0,gs_v0.5,GS,0.5
0.5305725403001668,0.6146168705730843,0.4667481662591687,0.7955,0.0,100.0,gs_v0.5,GS,0.5
0.6638706858890345,0.9145402022147328,0.5210533534494582,0.35971838220793695,1.7131544536709358,0.0,gs_v0.75,GS,0.75
0.6638706858890345,0.9145402022147328,0.5210533534494582,0.35971838220793695,1.7131544536709358,1.0,gs_v0.75,GS,0.75
0.6638706858890345,0.9145402022147328,0.5210533534494582,0.35971838220793695,1.7131544536709358,5.0,gs_v0.75,GS,0.75
0.6638706858890345,0.9145402022147328,0.5210533534494582,0.35971838220793695,1.7131544536709358,10.0,gs_v0.75,GS,0.75
0.6638706858890345,0.9145402022147328,0.5210533534494582,0.35971838220793695,1.7131544536709358,25.0,gs_v0.75,GS,0.75
0.6638706858890345,0.9145402022147328,0.5210533534494582,0.35971838220793695,1.7131544536709358,50.0,gs_v0.75,GS,0.75
0.6638706858890345,0.9145402022147328,0.5210533534494582,0.35971838220793695,1.7131544536709358,75.0,gs_v0.75,GS,0.75
0.6638706858890345,0.9145402022147328,0.5210533534494582,0.35971838220793695,1.7131544536709358,100.0,gs_v0.75,GS,0.75
0.8260754816574294,0.9236671257131616,0.7471355824315723,0.24520400905987472,0.6746279523947792,0.0,gs_v0.75,GS,0.75
0.8260754816574294,0.9236671257131616,0.7471355824315723,0.24520400905987472,0.6746279523947792,1.0,gs_v0.75,GS,0.75
0.8260754816574294,0.9236671257131616,0.7471355824315723,0.24520400905987472,0.6746279523947792,5.0,gs_v0.75,GS,0.75
0.8260754816574294,0.9236671257131616,0.7471355824315723,0.24520400905987472,0.6746279523947792,10.0,gs_v0.75,GS,0.75
0.8260754816574294,0.9236671257131616,0.7471355824315723,0.24520400905987472,0.6746279523947792,25.0,gs_v0.75,GS,0.75
0.8260754816574294,0.9236671257131616,0.7471355824315723,0.24520400905987472,0.6746279523947792,50.0,gs_v0.75,GS,0.75
0.8260754816574294,0.9236671257131616,0.7471355824315723,0.24520400905987472,0.6746279523947792,75.0,gs_v0.75,GS,0.75
0.8260754816574294,0.9236671257131616,0.7471355824315723,0.24520400905987472,0.6746279523947792,100.0,gs_v0.75,GS,0.75
0.660181236673774,0.6114539619846951,0.717347234289024,0.36033130674567804,0.6108239766373237,0.0,gs_v0.75,GS,0.75
0.660181236673774,0.6114539619846951,0.717347234289024,0.36033130674567804,0.6108239766373237,1.0,gs_v0.75,GS,0.75
0.660181236673774,0.6114539619846951,0.717347234289024,0.36033130674567804,0.6108239766373237,5.0,gs_v0.75,GS,0.75
0.660181236673774,0.6114539619846951,0.717347234289024,0.36033130674567804,0.6108239766373237,10.0,gs_v0.75,GS,0.75
0.660181236673774,0.6114539619846951,0.717347234289024,0.36033130674567804,0.6108239766373237,25.0,gs_v0.75,GS,0.75
0.660181236673774,0.6114539619846951,0.717347234289024,0.36033130674567804,0.6108239766373237,50.0,gs_v0.75,GS,0.75
0.660181236673774,0.6114539619846951,0.717347234289024,0.36033130674567804,0.6108239766373237,75.0,gs_v0.75,GS,0.75
0.660181236673774,0.6114539619846951,0.717347234289024,0.36033130674567804,0.6108239766373237,100.0,gs_v0.75,GS,0.75
0.7959508857437435,0.7960254968128984,0.7958762886597938,0.46891240276461704,0.46933411878716474,0.0,gs_v0.75,GS,0.75
0.7959508857437435,0.7960254968128984,0.7958762886597938,0.46891240276461704,0.46933411878716474,1.0,gs_v0.75,GS,0.75
0.7959508857437435,0.7960254968128984,0.7958762886597938,0.46891240276461704,0.46933411878716474,5.0,gs_v0.75,GS,0.75
0.7959508857437435,0.7960254968128984,0.7958762886597938,0.46891240276461704,0.46933411878716474,10.0,gs_v0.75,GS,0.75
0.7959508857437435,0.7960254968128984,0.7958762886597938,0.46891240276461704,0.46933411878716474,25.0,gs_v0.75,GS,0.75
0.7959508857437435,0.7960254968128984,0.7958762886597938,0.46891240276461704,0.46933411878716474,50.0,gs_v0.75,GS,0.75
0.7959508857437435,0.7960254968128984,0.7958762886597938,0.46891240276461704,0.46933411878716474,75.0,gs_v0.75,GS,0.75
0.7959508857437435,0.7960254968128984,0.7958762886597938,0.46891240276461704,0.46933411878716474,100.0,gs_v0.75,GS,0.75
0.8384722498508056,0.8198794008947675,0.8579279462650112,0.673723190958621,0.2923728024793492,0.0,gs_v0.75,GS,0.75
0.8384722498508056,0.8198794008947675,0.8579279462650112,0.673723190958621,0.2923728024793492,1.0,gs_v0.75,GS,0.75
0.8384722498508056,0.8198794008947675,0.8579279462650112,0.673723190958621,0.2923728024793492,5.0,gs_v0.75,GS,0.75
0.8384722498508056,0.8198794008947675,0.8579279462650112,0.673723190958621,0.2923728024793492,10.0,gs_v0.75,GS,0.75
0.8384722498508056,0.8198794008947675,0.8579279462650112,0.673723190958621,0.2923728024793492,25.0,gs_v0.75,GS,0.75
0.8384722498508056,0.8198794008947675,0.8579279462650112,0.673723190958621,0.2923728024793492,50.0,gs_v0.75,GS,0.75
0.8384722498508056,0.8198794008947675,0.8579279462650112,0.673723190958621,0.2923728024793492,75.0,gs_v0.75,GS,0.75
0.8384722498508056,0.8198794008947675,0.8579279462650112,0.673723190958621,0.2923728024793492,100.0,gs_v0.75,GS,0.75
0.5698343504795118,0.740036231884058,0.463283243549759,0.09321824055802153,0.866436402073288,0.0,gs_v0.75,GS,0.75
0.5698343504795118,0.740036231884058,0.463283243549759,0.09321824055802153,0.866436402073288,1.0,gs_v0.75,GS,0.75
0.5698343504795118,0.740036231884058,0.463283243549759,0.09321824055802153,0.866436402073288,5.0,gs_v0.75,GS,0.75
0.5698343504795118,0.740036231884058,0.463283243549759,0.09321824055802153,0.866436402073288,10.0,gs_v0.75,GS,0.75
0.5698343504795118,0.740036231884058,0.463283243549759,0.09321824055802153,0.866436402073288,25.0,gs_v0.75,GS,0.75
0.5698343504795118,0.740036231884058,0.463283243549759,0.09321824055802153,0.866436402073288,50.0,gs_v0.75,GS,0.75
0.5698343504795118,0.740036231884058,0.463283243549759,0.09321824055802153,0.866436402073288,75.0,gs_v0.75,GS,0.75
0.5698343504795118,0.740036231884058,0.463283243549759,0.09321824055802153,0.866436402073288,100.0,gs_v0.75,GS,0.75
0.8191214470284238,0.8739661283970067,0.7707537339353943,0.029587110539225803,1.0429344624518548,0.0,gs_v0.75,GS,0.75
0.8191214470284238,0.8739661283970067,0.7707537339353943,0.029587110539225803,1.0429344624518548,1.0,gs_v0.75,GS,0.75
0.8191214470284238,0.8739661283970067,0.7707537339353943,0.029587110539225803,1.0429344624518548,5.0,gs_v0.75,GS,0.75
0.8191214470284238,0.8739661283970067,0.7707537339353943,0.029587110539225803,1.0429344624518548,10.0,gs_v0.75,GS,0.75
0.8191214470284238,0.8739661283970067,0.7707537339353943,0.029587110539225803,1.0429344624518548,25.0,gs_v0.75,GS,0.75
0.8191214470284238,0.8739661283970067,0.7707537339353943,0.029587110539225803,1.0429344624518548,50.0,gs_v0.75,GS,0.75
0.8191214470284238,0.8739661283970067,0.7707537339353943,0.029587110539225803,1.0429344624518548,75.0,gs_v0.75,GS,0.75
0.8191214470284238,0.8739661283970067,0.7707537339353943,0.029587110539225803,1.0429344624518548,100.0,gs_v0.75,GS,0.75
0.7180266936982599,0.8389261744966443,0.6275841701122268,0.06296407895740741,0.9123157143110582,0.0,gs_v0.75,GS,0.75
0.7180266936982599,0.8389261744966443,0.6275841701122268,0.06296407895740741,0.9123157143110582,1.0,gs_v0.75,GS,0.75
0.7180266936982599,0.8389261744966443,0.6275841701122268,0.06296407895740741,0.9123157143110582,5.0,gs_v0.75,GS,0.75
0.7180266936982599,0.8389261744966443,0.6275841701122268,0.06296407895740741,0.9123157143110582,10.0,gs_v0.75,GS,0.75
0.7180266936982599,0.8389261744966443,0.6275841701122268,0.06296407895740741,0.9123157143110582,25.0,gs_v0.75,GS,0.75
0.7180266936982599,0.8389261744966443,0.6275841701122268,0.06296407895740741,0.9123157143110582,50.0,gs_v0.75,GS,0.75
0.7180266936982599,0.8389261744966443,0.6275841701122268,0.06296407895740741,0.9123157143110582,75.0,gs_v0.75,GS,0.75
0.7180266936982599,0.8389261744966443,0.6275841701122268,0.06296407895740741,0.9123157143110582,100.0,gs_v0.75,GS,0.75
0.5623039635015683,0.634900193174501,0.5046059365404298,0.8046,0.0,0.0,gs_v0.75,GS,0.75
0.5623039635015683,0.634900193174501,0.5046059365404298,0.8046,0.0,1.0,gs_v0.75,GS,0.75
0.5623039635015683,0.634900193174501,0.5046059365404298,0.8046,0.0,5.0,gs_v0.75,GS,0.75
0.5623039635015683,0.634900193174501,0.5046059365404298,0.8046,0.0,10.0,gs_v0.75,GS,0.75
0.5623039635015683,0.634900193174501,0.5046059365404298,0.8046,0.0,25.0,gs_v0.75,GS,0.75
0.5623039635015683,0.634900193174501,0.5046059365404298,0.8046,0.0,50.0,gs_v0.75,GS,0.75
0.5623039635015683,0.634900193174501,0.5046059365404298,0.8046,0.0,75.0,gs_v0.75,GS,0.75
0.5623039635015683,0.634900193174501,0.5046059365404298,0.8046,0.0,100.0,gs_v0.75,GS,0.75
0.6001796945193172,0.9648531535869042,0.4355574875027168,0.33190517835075267,1.7921611484046311,0.0,gs_v1,GS,1.0
0.6001796945193172,0.9648531535869042,0.4355574875027168,0.33190517835075267,1.7921611484046311,1.0,gs_v1,GS,1.0
0.6001796945193172,0.9648531535869042,0.4355574875027168,0.33190517835075267,1.7921611484046311,5.0,gs_v1,GS,1.0
0.6001796945193172,0.9648531535869042,0.4355574875027168,0.33190517835075267,1.7921611484046311,10.0,gs_v1,GS,1.0
0.6001796945193172,0.9648531535869042,0.4355574875027168,0.33190517835075267,1.7921611484046311,25.0,gs_v1,GS,1.0
0.6001796945193172,0.9648531535869042,0.4355574875027168,0.33190517835075267,1.7921611484046311,50.0,gs_v1,GS,1.0
0.6001796945193172,0.9648531535869042,0.4355574875027168,0.33190517835075267,1.7921611484046311,75.0,gs_v1,GS,1.0
0.6001796945193172,0.9648531535869042,0.4355574875027168,0.33190517835075267,1.7921611484046311,100.0,gs_v1,GS,1.0
0.7307634618269087,0.9584890812512296,0.5904738819537025,0.24695993113113773,0.6233913107571214,0.0,gs_v1,GS,1.0
0.7307634618269087,0.9584890812512296,0.5904738819537025,0.24695993113113773,0.6233913107571214,1.0,gs_v1,GS,1.0
0.7307634618269087,0.9584890812512296,0.5904738819537025,0.24695993113113773,0.6233913107571214,5.0,gs_v1,GS,1.0
0.7307634618269087,0.9584890812512296,0.5904738819537025,0.24695993113113773,0.6233913107571214,10.0,gs_v1,GS,1.0
0.7307634618269087,0.9584890812512296,0.5904738819537025,0.24695993113113773,0.6233913107571214,25.0,gs_v1,GS,1.0
0.7307634618269087,0.9584890812512296,0.5904738819537025,0.24695993113113773,0.6233913107571214,50.0,gs_v1,GS,1.0
0.7307634618269087,0.9584890812512296,0.5904738819537025,0.24695993113113773,0.6233913107571214,75.0,gs_v1,GS,1.0
0.7307634618269087,0.9584890812512296,0.5904738819537025,0.24695993113113773,0.6233913107571214,100.0,gs_v1,GS,1.0
0.6394614189539098,0.7620340656627993,0.5508565310492506,0.38595330247667303,0.5323699292680284,0.0,gs_v1,GS,1.0
0.6394614189539098,0.7620340656627993,0.5508565310492506,0.38595330247667303,0.5323699292680284,1.0,gs_v1,GS,1.0
0.6394614189539098,0.7620340656627993,0.5508565310492506,0.38595330247667303,0.5323699292680284,5.0,gs_v1,GS,1.0
0.6394614189539098,0.7620340656627993,0.5508565310492506,0.38595330247667303,0.5323699292680284,10.0,gs_v1,GS,1.0
0.6394614189539098,0.7620340656627993,0.5508565310492506,0.38595330247667303,0.5323699292680284,25.0,gs_v1,GS,1.0
0.6394614189539098,0.7620340656627993,0.5508565310492506,0.38595330247667303,0.5323699292680284,50.0,gs_v1,GS,1.0
0.6394614189539098,0.7620340656627993,0.5508565310492506,0.38595330247667303,0.5323699292680284,75.0,gs_v1,GS,1.0
0.6394614189539098,0.7620340656627993,0.5508565310492506,0.38595330247667303,0.5323699292680284,100.0,gs_v1,GS,1.0
0.7398406060127831,0.8788901387326584,0.6387791252214198,0.43685322630997603,0.43496878021255386,0.0,gs_v1,GS,1.0
0.7398406060127831,0.8788901387326584,0.6387791252214198,0.43685322630997603,0.43496878021255386,1.0,gs_v1,GS,1.0
0.7398406060127831,0.8788901387326584,0.6387791252214198,0.43685322630997603,0.43496878021255386,5.0,gs_v1,GS,1.0
0.7398406060127831,0.8788901387326584,0.6387791252214198,0.43685322630997603,0.43496878021255386,10.0,gs_v1,GS,1.0
0.7398406060127831,0.8788901387326584,0.6387791252214198,0.43685322630997603,0.43496878021255386,25.0,gs_v1,GS,1.0
0.7398406060127831,0.8788901387326584,0.6387791252214198,0.43685322630997603,0.43496878021255386,50.0,gs_v1,GS,1.0
0.7398406060127831,0.8788901387326584,0.6387791252214198,0.43685322630997603,0.43496878021255386,75.0,gs_v1,GS,1.0
0.7398406060127831,0.8788901387326584,0.6387791252214198,0.43685322630997603,0.43496878021255386,100.0,gs_v1,GS,1.0
0.7742838327296674,0.9148025675938534,0.6711859569002426,0.645127925047412,0.23107063847153675,0.0,gs_v1,GS,1.0
0.7742838327296674,0.9148025675938534,0.6711859569002426,0.645127925047412,0.23107063847153675,1.0,gs_v1,GS,1.0
0.7742838327296674,0.9148025675938534,0.6711859569002426,0.645127925047412,0.23107063847153675,5.0,gs_v1,GS,1.0
0.7742838327296674,0.9148025675938534,0.6711859569002426,0.645127925047412,0.23107063847153675,10.0,gs_v1,GS,1.0
0.7742838327296674,0.9148025675938534,0.6711859569002426,0.645127925047412,0.23107063847153675,25.0,gs_v1,GS,1.0
0.7742838327296674,0.9148025675938534,0.6711859569002426,0.645127925047412,0.23107063847153675,50.0,gs_v1,GS,1.0
0.7742838327296674,0.9148025675938534,0.6711859569002426,0.645127925047412,0.23107063847153675,75.0,gs_v1,GS,1.0
0.7742838327296674,0.9148025675938534,0.6711859569002426,0.645127925047412,0.23107063847153675,100.0,gs_v1,GS,1.0
0.5525689990631981,0.8682065217391305,0.4052425747806786,0.07904023718407349,0.861303889542754,0.0,gs_v1,GS,1.0
0.5525689990631981,0.8682065217391305,0.4052425747806786,0.07904023718407349,0.861303889542754,1.0,gs_v1,GS,1.0
0.5525689990631981,0.8682065217391305,0.4052425747806786,0.07904023718407349,0.861303889542754,5.0,gs_v1,GS,1.0
0.5525689990631981,0.8682065217391305,0.4052425747806786,0.07904023718407349,0.861303889542754,10.0,gs_v1,GS,1.0
0.5525689990631981,0.8682065217391305,0.4052425747806786,0.07904023718407349,0.861303889542754,25.0,gs_v1,GS,1.0
0.5525689990631981,0.8682065217391305,0.4052425747806786,0.07904023718407349,0.861303889542754,50.0,gs_v1,GS,1.0
0.5525689990631981,0.8682065217391305,0.4052425747806786,0.07904023718407349,0.861303889542754,75.0,gs_v1,GS,1.0
0.5525689990631981,0.8682065217391305,0.4052425747806786,0.07904023718407349,0.861303889542754,100.0,gs_v1,GS,1.0
0.7491738788355625,0.9375738479716423,0.6238207547169812,0.025940957427309286,1.0433610915769613,0.0,gs_v1,GS,1.0
0.7491738788355625,0.9375738479716423,0.6238207547169812,0.025940957427309286,1.0433610915769613,1.0,gs_v1,GS,1.0
0.7491738788355625,0.9375738479716423,0.6238207547169812,0.025940957427309286,1.0433610915769613,5.0,gs_v1,GS,1.0
0.7491738788355625,0.9375738479716423,0.6238207547169812,0.025940957427309286,1.0433610915769613,10.0,gs_v1,GS,1.0
0.7491738788355625,0.9375738479716423,0.6238207547169812,0.025940957427309286,1.0433610915769613,25.0,gs_v1,GS,1.0
0.7491738788355625,0.9375738479716423,0.6238207547169812,0.025940957427309286,1.0433610915769613,50.0,gs_v1,GS,1.0
0.7491738788355625,0.9375738479716423,0.6238207547169812,0.025940957427309286,1.0433610915769613,75.0,gs_v1,GS,1.0
0.7491738788355625,0.9375738479716423,0.6238207547169812,0.025940957427309286,1.0433610915769613,100.0,gs_v1,GS,1.0
0.6868284352095638,0.9526253454401895,0.5369978858350951,0.05137515193525721,0.9139293805245733,0.0,gs_v1,GS,1.0
0.6868284352095638,0.9526253454401895,0.5369978858350951,0.05137515193525721,0.9139293805245733,1.0,gs_v1,GS,1.0
0.6868284352095638,0.9526253454401895,0.5369978858350951,0.05137515193525721,0.9139293805245733,5.0,gs_v1,GS,1.0
0.6868284352095638,0.9526253454401895,0.5369978858350951,0.05137515193525721,0.9139293805245733,10.0,gs_v1,GS,1.0
0.6868284352095638,0.9526253454401895,0.5369978858350951,0.05137515193525721,0.9139293805245733,25.0,gs_v1,GS,1.0
0.6868284352095638,0.9526253454401895,0.5369978858350951,0.05137515193525721,0.9139293805245733,50.0,gs_v1,GS,1.0
0.6868284352095638,0.9526253454401895,0.5369978858350951,0.05137515193525721,0.9139293805245733,75.0,gs_v1,GS,1.0
0.6868284352095638,0.9526253454401895,0.5369978858350951,0.05137515193525721,0.9139293805245733,100.0,gs_v1,GS,1.0
0.6514121129690376,0.9313658201784488,0.500861220472441,0.25643738977072306,0.6957522494245658,0.0,gs_v1,GS,1.0
0.6514121129690376,0.9313658201784488,0.500861220472441,0.25643738977072306,0.6957522494245658,1.0,gs_v1,GS,1.0
0.6514121129690376,0.9313658201784488,0.500861220472441,0.25643738977072306,0.6957522494245658,5.0,gs_v1,GS,1.0
0.6514121129690376,0.9313658201784488,0.500861220472441,0.25643738977072306,0.6957522494245658,10.0,gs_v1,GS,1.0
0.6514121129690376,0.9313658201784488,0.500861220472441,0.25643738977072306,0.6957522494245658,25.0,gs_v1,GS,1.0
0.6514121129690376,0.9313658201784488,0.500861220472441,0.25643738977072306,0.6957522494245658,50.0,gs_v1,GS,1.0
0.6514121129690376,0.9313658201784488,0.500861220472441,0.25643738977072306,0.6957522494245658,75.0,gs_v1,GS,1.0
0.6514121129690376,0.9313658201784488,0.500861220472441,0.25643738977072306,0.6957522494245658,100.0,gs_v1,GS,1.0
